GeneName,Family,Sub_Index,Sub_Seq,Sub_Seq_N,Sub_Seq_P,Special_Char_Predict,Special_Char_Prob
hCoV-19_Bangladesh_BCSIR-03_2021_2021-04-19_2021-04-30_3813,beta,2,TTACTTGGTTCCATG-Y-TATACATGTCTCTGGG,TTACTTGGTTCCATG-N-TATACATGTCTCTGGG,TTACTTGGTTCCATG-G-TACACATGCCTCTGGG,Y--->G,0.43722188
hCoV-19_Bangladesh_BCSIR-03_2021_2021-04-19_2021-04-30_3813,beta,5,TGAAGTCAGACAAAT-M-GCTCCAGGGCAAACTG,TGAAGTCAGACAAAT-N-GCTCCAGGGCAAACTG,TGAAGTCAGACAAAT-G-GCCCCAGGGCAAACTG,M--->G,0.5237919
hCoV-19_Bangladesh_BCSIR-03_2021_2021-04-19_2021-04-30_3813,beta,5,ATGAAGTCAGACAAAT-M-GCTCCAGGGCAAACT,ATGAAGTCAGACAAAT-N-GCTCCAGGGCAAACT,ATGAAGTCAGACAAAT-G-GCTCCAGGGCAAACT,M--->G,0.5806123
hCoV-19_Bangladesh_BCSIR-03_2021_2021-04-19_2021-04-30_3813,beta,8,GAGTTACACAGAATGT-Y-CTCTATGAGAACCAA,GAGTTACACAGAATGT-N-CTCTATGAGAACCAA,GAGTTACACAGAATGT-A-CTCTATGAGAACCAA,Y--->A,0.38477242
hCoV-19_Bangladesh_BCSIR-03_2021_2021-04-19_2021-04-30_3813,beta,9,TTCAAGTGTTTTAAAT-K-ATATCCTTTCACGTC,TTCAAGTGTTTTAAAT-N-ATATCCTTTCACGTC,TTCAAGTGTTTTAAAT-A-ATATCCTTTCACGTC,K--->A,0.5081332
hCoV-19_Bangladesh_BCSIR-04_2021_2021-04-19_2021-05-11_3813,beta,10,GAGTTACACAGAATGT-Y-CTCTATGAGAACCAA,GAGTTACACAGAATGT-N-CTCTATGAGAACCAA,GAGTTACACAGAATGT-A-CTCTATGAGAACCAA,Y--->A,0.38477242
hCoV-19_Bangladesh_BCSIR-04_2021_2021-04-19_2021-05-11_3813,beta,11,GTTTTAAATGATATC-M-TTTCACGTCTTGACAA,GTTTTAAATGATATC-N-TTTCACGTCTTGACAA,GTTTTAAATGATATC-T-CTTACAGTCTTGACAA,M--->T,0.7390294
hCoV-19_Bangladesh_BCSIR-04_2021_2021-04-19_2021-05-11_3813,beta,12,GCTCCTGCCATTTGT-M-ATGATGGAAAAGCACA,GCTCCTGCCATTTGT-N-ATGATGGAAAAGCACA,GCTCCTGCCATTTGT-T-ATGATGGAAAAGCACA,M--->T,0.7493227
hCoV-19_Bangladesh_BCSIR-04_2021_2021-04-19_2021-05-11_3813,beta,13,CTTTGTTTCAAATGG-Y-ACACACTGGTTTGTAA,CTTTGTTTCAAATGG-N-ACACACTGGTTTGTAA,CTTTGTTTCAAATGG-A-ACACACTGGTGTGTAA,Y--->A,0.48878407
hCoV-19_Bangladesh_BCSIR-04_2021_2021-04-19_2021-05-11_3813,beta,14,TGATCCTTTGCAACCT-K-AATTAGACTCATTCA,TGATCCTTTGCAACCT-N-AATTAGACTCATTCA,TGATCCTTTGCAACCT-A-ATTTAGACTCATTCA,K--->A,0.80766654
hCoV-19_Bangladesh_BCSIR-AFIP-17_2021_2021-04-06_2021-04-15_3813,beta,1,TTACTTGGTTCCATG-Y-TATACATGTCTCTGGG,TTACTTGGTTCCATG-N-TATACATGTCTCTGGG,TTACTTGGTTCCATG-G-TACACATGCCTCTGGG,Y--->G,0.43722188
hCoV-19_Bangladesh_BCSIR-AFIP-17_2021_2021-04-06_2021-04-15_3813,beta,2,GAGTTACACAGAATGT-Y-CTCTATGAGAACCAA,GAGTTACACAGAATGT-N-CTCTATGAGAACCAA,GAGTTACACAGAATGT-A-CTCTATGAGAACCAA,Y--->A,0.38477242
hCoV-19_Bangladesh_BCSIR-AFIP-23_2021_2021-04-06_2021-04-15_3813,beta,2,TTACTTGGTTCCATG-Y-TATACATGTCTCTGGG,TTACTTGGTTCCATG-N-TATACATGTCTCTGGG,TTACTTGGTTCCATG-G-TACACATGCCTCTGGG,Y--->G,0.43722188
hCoV-19_Bangladesh_BCSIR-JU-02_2021_2021-02-28_2021-04-25_3818,beta,2,GGTACTAAGAGGTTTG-M-TAACCCTGTCCTACC,GGTACTAAGAGGTTTG-N-TAACCCTGTCCTACC,GGTACTAAGAGGTTTG-T-TAACCCTGTCCTACC,M--->T,0.45796785
hCoV-19_Bangladesh_BCSIR-JU-02_2021_2021-02-28_2021-04-25_3818,beta,4,TTGGCAGAGACATTG-M-TGACACTACTGATGCT,TTGGCAGAGACATTG-N-TGACACTACTGATGCT,TTGGCAGAGACATTG-T-TGACACTACTGATGCT,M--->T,0.79563594
hCoV-19_Bangladesh_BCSIR-JU-02_2021_2021-02-28_2021-04-25_3818,beta,4,TTTGGCAGAGACATTG-M-TGACACTACTGATGC,TTTGGCAGAGACATTG-N-TGACACTACTGATGC,TTTGGCAGAGACATAG-T-TGACACTACTGATGC,M--->T,0.7555037
hCoV-19_Bangladesh_BCSIR-JU-04_2020_2020-11-01_2021-04-25_3813,beta,1,TTACTTGGTTCCATG-Y-TATACATGTCTCTGGG,TTACTTGGTTCCATG-N-TATACATGTCTCTGGG,TTACTTGGTTCCATG-G-TACACATGCCTCTGGG,Y--->G,0.43722188
hCoV-19_Bangladesh_BCSIR-JU-04_2020_2020-11-01_2021-04-25_3813,beta,5,CTCAGACTAATTCTC-S-TCGGCGGGCACGTAGT,CTCAGACTAATTCTC-N-TCGGCGGGCACGTAGT,CTCAGACTAATTCTC-A-TCGGCGGGCACGTAGT,S--->A,0.92602885
hCoV-19_Bangladesh_BCSIR-JU-04_2020_2020-11-01_2021-04-25_3813,beta,5,ACTCAGACTAATTCTC-S-TCGGCGGGCACGTAG,ACTCAGACTAATTCTC-N-TCGGCGGGCACGTAG,ACTCAGACTAATTCTC-A-TCGGCGGGCACGTAG,S--->A,0.8688053
hCoV-19_Bangladesh_BCSIR-JU-06_2020_2020-11-04_2021-04-25_3804,beta,2,GGTACTAAGAGGTTTG-M-TAACCCTGTCCTACC,GGTACTAAGAGGTTTG-N-TAACCCTGTCCTACC,GGTACTAAGAGGTTTG-T-TAACCCTGTCCTACC,M--->T,0.45796785
hCoV-19_Bangladesh_BCSIR-JU-07_2021_2021-03-16_2021-04-25_3807,beta,7,CAAATCATTACTACA-S-ACAACACATTTGTGTC,CAAATCATTACTACA-N-ACAACACATTTGTGTC,CAAATCATTACTACA-A-AACACACATTTGTGTC,S--->A,0.72183675
hCoV-19_Bangladesh_BCSIR-JU-07_2021_2021-03-16_2021-04-25_3807,beta,7,ACAAATCATTACTACA-S-ACAACACATTTGTGT,ACAAATCATTACTACA-N-ACAACACATTTGTGT,ACAAATCATTACTACA-A-AAACCACATTTGTGT,S--->A,0.6167871
hCoV-19_Bangladesh_BCSIR-JU-20_2020_2020-12-27_2021-04-26_3813,beta,1,GGTACTAAGAGGTTTG-M-TAACCCTGTCCTACC,GGTACTAAGAGGTTTG-N-TAACCCTGTCCTACC,GGTACTAAGAGGTTTG-T-TAACCCTGTCCTACC,M--->T,0.45796785
hCoV-19_Bangladesh_BCSIR-NILMRC-683_2021_2021-03-14_2021-04-11_3822,beta,1,TTACTTGGTTCCATG-Y-TATACATGTCTCTGGG,TTACTTGGTTCCATG-N-TATACATGTCTCTGGG,TTACTTGGTTCCATG-G-TACACATGCCTCTGGG,Y--->G,0.43722188
hCoV-19_Bangladesh_BCSIR-NILMRC-689_2021_2021-03-14_2021-04-11_3813,beta,1,ATCTTATGTCCTTCCC-W-CAGTCAGCACCTCAT,ATCTTATGTCCTTCCC-N-CAGTCAGCACCTCAT,ATCTTATGTCCTTCCC-C-CAGTCAGCACCTCAT,W--->C,0.75885963
hCoV-19_Bangladesh_BCSIR-NILMRC-709_2021_2021-03-16_2021-04-08_3804,beta,2,TCCCTCAGGGTTTTT-Y-GGCTTTAGAACCATTG,TCCCTCAGGGTTTTT-N-GGCTTTAGAACCATTG,TCCCTCAGGGTTTTT-G-GGCTTTAGAACCATTG,Y--->G,0.41768804
hCoV-19_Bangladesh_BCSIR-NILMRC-729_2021_2021-03-16_2021-04-08_3813,beta,1,TTACTTGGTTCCATG-Y-TATACATGTCTCTGGG,TTACTTGGTTCCATG-N-TATACATGTCTCTGGG,TTACTTGGTTCCATG-G-TACACATGCCTCTGGG,Y--->G,0.43722188
hCoV-19_Bangladesh_BCSIR-NILMRC-790_2021_2021-06-08_2021-07-01_3811,beta,1,TTTATTGAAGATCTA-Y-TTTTCAACAAAGTGAC,TTTATTGAAGATCTA-N-TTTTCAACAAAGTGAC,TTTATTGAAGATCTA-A-TTTTCACCAAAGTGAC,Y--->A,0.5868376
hCoV-19_Bangladesh_BCSIR-NILMRC-790_2021_2021-06-08_2021-07-01_3811,beta,1,ATTTATTGAAGATCTA-Y-TTTTCAACAAAGTGA,ATTTATTGAAGATCTA-N-TTTTCAACAAAGTGA,ATTTATTGAAGATCTA-A-TTTTCAACAAAGTGA,Y--->A,0.4755146
hCoV-19_Bangladesh_BCSIR-SUST-23_2021_2021-01-12_2021-05-11_3804,beta,2,AGTGTTATAACACCAG-K-AACAAATACTTCTAA,AGTGTTATAACACCAG-N-AACAAATACTTCTAA,AGTGTTATAACACCAG-A-AACAAAAACTTCTAA,K--->A,0.89988756
hCoV-19_Bangladesh_BCSIR-SUST-23_2021_2021-01-12_2021-05-11_3804,beta,3,CTTACTCCTACTTGG-M-GTGTTTATTCTACAGG,CTTACTCCTACTTGG-N-GTGTTTATTCTACAGG,CTTACTCCTACTTGG-T-GTGTTTATTCTACAGG,M--->T,0.68838406
hCoV-19_Bangladesh_BCSIR-SUST-23_2021_2021-01-12_2021-05-11_3804,beta,3,ACTTACTCCTACTTGG-M-GTGTTTATTCTACAG,ACTTACTCCTACTTGG-N-GTGTTTATTCTACAG,ACTTACTCCTACTTGG-T-GTGTTTATTCTACAG,M--->T,0.8713841
hCoV-19_Bangladesh_BCSIR-SUST-23_2021_2021-01-12_2021-05-11_3804,beta,8,CTTTGTTTCAAATGG-Y-ACACACTGGTTTGTAA,CTTTGTTTCAAATGG-N-ACACACTGGTTTGTAA,CTTTGTTTCAAATGG-A-ACACACTGGTGTGTAA,Y--->A,0.48878407
hCoV-19_Bangladesh_BCSIR-SUST-34_2021_2021-02-02_2021-04-30_3813,beta,2,TTACTTGGTTCCATG-Y-TATACATGTCTCTGGG,TTACTTGGTTCCATG-N-TATACATGTCTCTGGG,TTACTTGGTTCCATG-G-TACACATGCCTCTGGG,Y--->G,0.43722188
hCoV-19_Bangladesh_BCSIR-SUST-34_2021_2021-02-02_2021-04-30_3813,beta,3,GGTACTAAGAGGTTTG-M-TAACCCTGTCCTACC,GGTACTAAGAGGTTTG-N-TAACCCTGTCCTACC,GGTACTAAGAGGTTTG-T-TAACCCTGTCCTACC,M--->T,0.45796785
hCoV-19_Bangladesh_BCSIR-SUST-34_2021_2021-02-02_2021-04-30_3813,beta,6,GAGTTACACAGAATGT-Y-CTCTATGAGAACCAA,GAGTTACACAGAATGT-N-CTCTATGAGAACCAA,GAGTTACACAGAATGT-A-CTCTATGAGAACCAA,Y--->A,0.38477242
hCoV-19_Bangladesh_BCSIR-SUST-52_2021_2021-01-27_2021-04-12_3822,beta,4,CTCAGACTAATTCTC-S-TCGGCGGGCACGTAGT,CTCAGACTAATTCTC-N-TCGGCGGGCACGTAGT,CTCAGACTAATTCTC-A-TCGGCGGGCACGTAGT,S--->A,0.92602885
hCoV-19_Bangladesh_BCSIR-SUST-52_2021_2021-01-27_2021-04-12_3822,beta,4,ACTCAGACTAATTCTC-S-TCGGCGGGCACGTAG,ACTCAGACTAATTCTC-N-TCGGCGGGCACGTAG,ACTCAGACTAATTCTC-A-TCGGCGGGCACGTAG,S--->A,0.8688053
hCoV-19_Bangladesh_CHRF-0213_2021_2021-03-29_2021-04-19_3815,beta,3,TTACTTGGTTCCATG-Y-TATACATGTCTCTGGG,TTACTTGGTTCCATG-N-TATACATGTCTCTGGG,TTACTTGGTTCCATG-G-TACACATGCCTCTGGG,Y--->G,0.43722188
hCoV-19_Bangladesh_CHRF-0242_2021_2021-04-03_2021-05-20_3813,beta,2,TGAACAAGACAAAAA-Y-ACCCAAGAAGTTTTTG,TGAACAAGACAAAAA-N-ACCCAAGAAGTTTTTG,TGAACAAGACAAAAA-A-ACCCAAGAAGTTTTTG,Y--->A,0.6920872
hCoV-19_Bangladesh_CHRF-0242_2021_2021-04-03_2021-05-20_3813,beta,2,TTGAACAAGACAAAAA-Y-ACCCAAGAAGTTTTT,TTGAACAAGACAAAAA-N-ACCCAAGAAGTTTTT,TTGAACAAGACAAAAA-A-ACCCAAGAAGTTTTT,Y--->A,0.56054217
hCoV-19_Bangladesh_CHRF-0263_Pr_2021_2021-04-14_2021-05-20_3819,beta,1,GGCACACACTGGTTT-R-TAACACAAAGGAATTT,GGCACACACTGGTTT-N-TAACACAAAGGAATTT,GGCACACACTGGTTT-T-AAACACAAAGGAATTT,R--->T,0.8746471
hCoV-19_Bangladesh_CHRF-0263_Pr_2021_2021-04-14_2021-05-20_3819,beta,1,TGGCACACACTGGTTT-R-TAACACAAAGGAATT,TGGCACACACTGGTTT-N-TAACACAAAGGAATT,TGGCACACACTGGTTT-T-AAACAAAAAGGAATT,R--->T,0.91741663
hCoV-19_Bangladesh_CHRF-0268_Pr_2021_2021-04-17_2021-05-20_3821,beta,1,TTACTTGGTTCCATG-Y-TATACATGTCTCTGGG,TTACTTGGTTCCATG-N-TATACATGTCTCTGGG,TTACTTGGTTCCATG-G-TACACATGCCTCTGGG,Y--->G,0.43722188
hCoV-19_Bangladesh_CHRF-0268_Pr_2021_2021-04-17_2021-05-20_3821,beta,2,GGTACTAAGAGGTTTG-M-TAACCCTGTCCTACC,GGTACTAAGAGGTTTG-N-TAACCCTGTCCTACC,GGTACTAAGAGGTTTG-T-TAACCCTGTCCTACC,M--->T,0.45796785
hCoV-19_Bangladesh_CHRF-0272_Pr_2021_2021-04-20_2021-05-20_3813,beta,1,TTACTTGGTTCCATG-Y-TATACATGTCTCTGGG,TTACTTGGTTCCATG-N-TATACATGTCTCTGGG,TTACTTGGTTCCATG-G-TACACATGCCTCTGGG,Y--->G,0.43722188
hCoV-19_Bangladesh_CHRF-0335_2021_2021-05-03_2021-06-26_3813,beta,2,GGTGAAGTTTTTAAC-K-CCACCAGATTTGCATC,GGTGAAGTTTTTAAC-N-CCACCAGATTTGCATC,GGTGAAGTTTTTAAC-A-CCCCCAGATTTGCATC,K--->A,0.5489317
hCoV-19_Bangladesh_CHRF-0335_2021_2021-05-03_2021-06-26_3813,beta,2,TGGTGAAGTTTTTAAC-K-CCACCAGATTTGCAT,TGGTGAAGTTTTTAAC-N-CCACCAGATTTGCAT,TGGTGAAGTTTTTAAC-C-CCCCCAGATTTGCAT,K--->C,0.4335951
hCoV-19_Bangladesh_CHRF-0355_2021_2021-04-11_2021-06-08_3813,beta,1,TTACTTGGTTCCATG-Y-TATACATGTCTCTGGG,TTACTTGGTTCCATG-N-TATACATGTCTCTGGG,TTACTTGGTTCCATG-G-TACACATGCCTCTGGG,Y--->G,0.43722188
hCoV-19_Bangladesh_CHRF-0427_2021_2021-04-21_2021-07-25_3813,beta,1,CCTATTAATTTAGTG-Y-GTGGTCTCCCTCAGGG,CCTATTAATTTAGTG-N-GTGGTCTCCCTCAGGG,CCTATTAATTTAGTG-G-GTGTCCTCCCTCAGGG,Y--->G,0.47373882
hCoV-19_Bangladesh_CHRF-0427_2021_2021-04-21_2021-07-25_3813,beta,1,GCCTATTAATTTAGTG-Y-GTGGTCTCCCTCAGG,GCCTATTAATTTAGTG-N-GTGGTCTCCCTCAGG,GCCTATTAATTTAGTG-G-GTGTTCTCCCTCAGG,Y--->G,0.42102355
hCoV-19_Bangladesh_JUST-GC272-020_W4_2021_2021-03-22_2021-05-30_3822,beta,1,GGTACTAAGAGGTTTG-M-TAACCCTGTCCTACC,GGTACTAAGAGGTTTG-N-TAACCCTGTCCTACC,GGTACTAAGAGGTTTG-T-TAACCCTGTCCTACC,M--->T,0.45796785
hCoV-19_Bangladesh_JUST-GC294-123_W13_2021_2021-04-15_2021-05-31_3813,beta,2,TTACTTGGTTCCATG-Y-TATACATGTCTCTGGG,TTACTTGGTTCCATG-N-TATACATGTCTCTGGG,TTACTTGGTTCCATG-G-TACACATGCCTCTGGG,Y--->G,0.43722188
hCoV-19_Bangladesh_JUST-GC294-123_W13_2021_2021-04-15_2021-05-31_3813,beta,3,GGTACTAAGAGGTTTG-M-TAACCCTGTCCTACC,GGTACTAAGAGGTTTG-N-TAACCCTGTCCTACC,GGTACTAAGAGGTTTG-T-TAACCCTGTCCTACC,M--->T,0.45796785
hCoV-19_Botswana_R11B04_BHP_CV0507654_2021_2021-03-22_2021-05-24_3813,beta,1,TTTCTTCCACAGCAA-S-TGCACTTGGAAAACTT,TTTCTTCCACAGCAA-N-TGCACTTGGAAAACTT,TTTCTTCCACAGCAA-A-TGCACTTGGAAAACTT,S--->A,0.87640476
hCoV-19_Botswana_R11B04_BHP_CV0507654_2021_2021-03-22_2021-05-24_3813,beta,1,CTTTCTTCCACAGCAA-S-TGCACTTGGAAAACT,CTTTCTTCCACAGCAA-N-TGCACTTGGAAAACT,CTTTCTTCCACAGCAA-T-TGCACTTGGAAAACT,S--->T,0.3910603
hCoV-19_Canada_BC-BCCDC-143827_2021_2021-04-03_2021-08-23_3813,beta,1,TCCCTCAGGGTTTTT-Y-GGCTTTAGAACCATTG,TCCCTCAGGGTTTTT-N-GGCTTTAGAACCATTG,TCCCTCAGGGTTTTT-G-GGCTTTAGAACCATTG,Y--->G,0.41768804
hCoV-19_Canada_ON-PHL-21-10098_2021_2021-03_2021-04-27_3813,beta,1,TAGCTAGTCAATCCAT-Y-ATTGCCTACACTATG,TAGCTAGTCAATCCAT-N-ATTGCCTACACTATG,TAGCTAGTCAATCCAT-A-ATTGCCTACACTATG,Y--->A,0.54135644
hCoV-19_Canada_ON-PHL-21-14934_2021_2021-04_2021-05-25_3813,beta,1,GGTGAAGTTTTTAAC-K-CCACCAGATTTGCATC,GGTGAAGTTTTTAAC-N-CCACCAGATTTGCATC,GGTGAAGTTTTTAAC-A-CCCCCAGATTTGCATC,K--->A,0.5489317
hCoV-19_Canada_ON-PHL-21-14934_2021_2021-04_2021-05-25_3813,beta,1,TGGTGAAGTTTTTAAC-K-CCACCAGATTTGCAT,TGGTGAAGTTTTTAAC-N-CCACCAGATTTGCAT,TGGTGAAGTTTTTAAC-C-CCCCCAGATTTGCAT,K--->C,0.4335951
hCoV-19_Canada_ON-PHL-21-22655_2021_2021-05_2021-07-13_3813,beta,1,TTACTTGGTTCCATG-Y-TATACATGTCTCTGGG,TTACTTGGTTCCATG-N-TATACATGTCTCTGGG,TTACTTGGTTCCATG-G-TACACATGCCTCTGGG,Y--->G,0.43722188
hCoV-19_Canada_ON-SHL-21-00645_2021_2021-04-20_2021-10-18_3813,beta,1,CATTGCTGACACTACT-K-ATGCTGTCCGTGATC,CATTGCTGACACTACT-N-ATGCTGTCCGTGATC,CATTGCTGACACTACT-A-ATGTTGTCCGTGATC,K--->A,0.5060493
hCoV-19_Canada_QC-L00347367001A_2021_2021-04-17_2021-12-16_3813,beta,1,TTTATGAACCACAAAT-Y-ATTACTACAGACAAC,TTTATGAACCACAAAT-N-ATTACTACAGACAAC,TTTATGAACCACAAAT-A-ATTTATTAAGACAAC,Y--->A,0.5955932
hCoV-19_Denmark_DCGC-82158_2021_2021-03-01_2021-05-04_3813,beta,2,TAATAGGAATTGTCAA-Y-AACACAGTTTATGAT,TAATAGGAATTGTCAA-N-AACACAGTTTATGAT,TAATAGGAATTGTCAA-A-AAACCAGTTTATGAT,Y--->A,0.83512735
hCoV-19_England_205360508_2020_2020-12-25_2021-01-05_3813,beta,3,TCCTTCCCTCAGTCA-K-CACCTCATGGTGTAGT,TCCTTCCCTCAGTCA-N-CACCTCATGGTGTAGT,TCCTTCCCTCAGTCA-C-CCCCTCATGGTGTAGT,K--->C,0.50689626
hCoV-19_England_205360508_2020_2020-12-25_2021-01-05_3813,beta,3,GTCCTTCCCTCAGTCA-K-CACCTCATGGTGTAG,GTCCTTCCCTCAGTCA-N-CACCTCATGGTGTAG,GTCCTTCCCTCAGTCA-C-CCCCTCATGGTGTAG,K--->C,0.5870944
hCoV-19_England_210201142_2021_2021-01-11_2021-01-15_3813,beta,3,TTACTACAGACAACA-Y-ATTTGTGTCTGGTAAC,TTACTACAGACAACA-N-ATTTGTGTCTGGTAAC,TTACTACTGACAACA-A-CTGTGTGTCTTGTAAC,Y--->A,0.7019732
hCoV-19_England_210201142_2021_2021-01-11_2021-01-15_3813,beta,3,ATTACTACAGACAACA-Y-ATTTGTGTCTGGTAA,ATTACTACAGACAACA-N-ATTTGTGTCTGGTAA,ATTACTACAGACAACA-A-CTTTGTGTCTGGTAA,Y--->A,0.81282175
hCoV-19_England_CAMC-13D2EAD_2021_2021-03-11_2021-03-24_3813,beta,2,GTAGTCTTCTTGCATG-Y-GACTTATGTCCCTGC,GTAGTCTTCTTGCATG-N-GACTTATGTCCCTGC,GTAGTCTTCTTGCTGG-A-GAATTATGTCCCTGC,Y--->A,0.55930126
hCoV-19_England_CAMC-150DD31_2021_2021-04-14_2021-04-26_3813,beta,1,AGCCAGTGCTCAAAG-K-AGTCAAATTACATTAC,AGCCAGTGCTCAAAG-N-AGTCAAATTACATTAC,AGCCAGTGCTCAAAG-A-AGTCAAATTACATTAC,K--->A,0.6227193
hCoV-19_England_CAMC-150DD31_2021_2021-04-14_2021-04-26_3813,beta,1,GAGCCAGTGCTCAAAG-K-AGTCAAATTACATTA,GAGCCAGTGCTCAAAG-N-AGTCAAATTACATTA,GAGCCAGTGCTCAAAG-A-GTTCAAATTACATTA,K--->A,0.6569496
hCoV-19_England_LOND-128DD4B_2021_2021-04-26_2021-05-10_3813,beta,2,ATCACAGGCAGACTT-M-AAAGTTTGCAGACATA,ATCACAGGCAGACTT-N-AAAGTTTGCAGACATA,ATCACAGGCAGACTT-G-AAAGTTTGCAGACATA,M--->G,0.3065887
hCoV-19_England_LOND-128DD4B_2021_2021-04-26_2021-05-10_3813,beta,3,AGAGCTTCTGCTAAT-Y-TTGCTGCTACTAAAAT,AGAGCTTCTGCTAAT-N-TTGCTGCTACTAAAAT,AGAGCTTCTGCTAAT-G-TTGCTGCTACTAAAAT,Y--->G,0.31127822
hCoV-19_England_LOND-128DD4B_2021_2021-04-26_2021-05-10_3813,beta,3,CAGAGCTTCTGCTAAT-Y-TTGCTGCTACTAAAA,CAGAGCTTCTGCTAAT-N-TTGCTGCTACTAAAA,CAGAGCTTCTGCTAAT-A-TTGCTGCTACTAAAA,Y--->A,0.4032508
hCoV-19_England_LOND-128DF72_2021_2021-05-01_2021-05-17_3813,beta,2,CTACTGATGCTGTCC-K-TGATCCACAGACACTT,CTACTGATGCTGTCC-N-TGATCCACAGACACTT,CTACTGATGCTGTCC-A-TGACCCACAGACACTT,K--->A,0.49667358
hCoV-19_England_MILK-167A9D0_2021_2021-06-10_2021-06-17_3813,beta,5,TTAATGGTATTGGAGT-Y-ACACAGAATGTTCTC,TTAATGGTATTGGAGT-N-ACACAGAATGTTCTC,TTAATGGTATTGGAGT-A-ACAAAGAATGTTCTC,Y--->A,0.67336935
hCoV-19_England_NORT-1BCAD1C_2021_2021-05-31_2021-06-14_3813,beta,1,CTCAGACTAATTCTC-Y-TCGGCGGGCACGTAGT,CTCAGACTAATTCTC-N-TCGGCGGGCACGTAGT,CTCAGACTAATTCTC-A-TCGGCGGGCACGTAGT,Y--->A,0.92602885
hCoV-19_England_NORT-1BCAD1C_2021_2021-05-31_2021-06-14_3813,beta,1,ACTCAGACTAATTCTC-Y-TCGGCGGGCACGTAG,ACTCAGACTAATTCTC-N-TCGGCGGGCACGTAG,ACTCAGACTAATTCTC-A-TCGGCGGGCACGTAG,Y--->A,0.8688053
hCoV-19_England_PHEC-15868E_2021_2021_2021-06-30_3813,beta,2,TTGCAACCTGAATTA-S-ACTCATTCAAGGAGGA,TTGCAACCTGAATTA-N-ACTCATTCAAGGAGGA,TTGCAACCTGAATTA-A-ACTCATTCAAGGAGGA,S--->A,0.6184809
hCoV-19_England_PHEC-15868E_2021_2021_2021-06-30_3813,beta,2,TTTGCAACCTGAATTA-S-ACTCATTCAAGGAGG,TTTGCAACCTGAATTA-N-ACTCATTCAAGGAGG,TTTGCAACCTGAATTA-A-ACTCATTCAAGGAGG,S--->A,0.576166
hCoV-19_England_PHEC-1589B2_2021_2021-01-18_2021-06-30_3822,beta,1,GGTACTAAGAGGTTTG-M-TAACCCTGTCCTACC,GGTACTAAGAGGTTTG-N-TAACCCTGTCCTACC,GGTACTAAGAGGTTTG-T-TAACCCTGTCCTACC,M--->T,0.45796785
hCoV-19_England_PHEC-15B5BB_2021_2021-01-18_2021-06-30_3813,beta,1,TCAGTGTTATAACAC-Y-AGGAACAAATACTTCT,TCAGTGTTATAACAC-N-AGGAACAAATACTTCT,TCAGTGTTATAACAC-A-AGGAACAAATACTTCT,Y--->A,0.29792333
hCoV-19_England_PHEC-30226F_2021_2021_2021-06-30_3813,beta,1,TCTCCTACTAAATTAA-R-TGATCTCTGCTTTAC,TCTCCTACTAAATTAA-N-TGATCTCTGCTTTAC,TCTCCTACTAAATTAA-T-TGATCCCTGCTTTAC,R--->T,0.5814849
hCoV-19_England_PHEC-3066BA_2021_2021_2021-06-30_3813,beta,3,CAAATTTGATGAAGAC-K-ACTCTGAGCCAGTGC,CAAATTTGATGAAGAC-N-ACTCTGAGCCAGTGC,CAAATTTGATGAAGAC-A-ACTCTGAGCCAGTGC,K--->A,0.75337315
hCoV-19_England_PHEC-307C5D_2021_2021_2021-06-30_3822,beta,1,GCGGGCACGTAGTGTA-R-CTAGTAAATCCATCA,GCGGGCACGTAGTGTA-N-CTAGTAAATCCATCA,GCGGGCACGTAGTGTA-T-CTAGTAAATCCATCA,R--->T,0.39529467
hCoV-19_England_QEUH-14D014B_2021_2021-04-02_2021-04-15_3813,beta,1,ATGTTGTTATTAAAGT-Y-TGTGAATTTCAATTT,ATGTTGTTATTAAAGT-N-TGTGAATTTCAATTT,ATGTTGTTATTAAAGT-G-TGTGAATTTCAATTT,Y--->G,0.47226366
hCoV-19_England_RAND-144E7EC_2021_2021-03-21_2021-03-31_3813,beta,1,AACAACACAGTTTAT-S-ATCCTTTGCAACCTGA,AACAACACAGTTTAT-N-ATCCTTTGCAACCTGA,AACACCACAGTTTAT-T-ATTCTTTGCAACCTGA,S--->T,0.82871306
hCoV-19_England_RAND-144E7EC_2021_2021-03-21_2021-03-31_3813,beta,1,CAACAACACAGTTTAT-S-ATCCTTTGCAACCTG,CAACAACACAGTTTAT-N-ATCCTTTGCAACCTG,CAACAACACAGTTTAT-T-ACTCCTTGCAACCTG,S--->T,0.6652279
hCoV-19_France_IDF-APHP-HEGP-15-12-2131845300_2021_2021-03-25_2021-06-22_3813,beta,3,CTTCTGGTTGGACCTT-Y-GGTGCAGGTGCTGCA,CTTCTGGTTGGACCTT-N-GGTGCAGGTGCTGCA,CTTCTGGTTGGACCTT-G-GTTGCAGGTGCTGCA,Y--->G,0.84585273
hCoV-19_France_IDF-APHP-HEGP-15-12-2131845300_2021_2021-03-25_2021-06-22_3813,beta,6,GAATTGTCAACAACA-Y-AGTTTATGATCCTTTG,GAATTGTCAACAACA-N-AGTTTATGATCCTTTG,GAATTGTCAACAACA-A-AGTTTATGATCCTTTG,Y--->A,0.91303486
hCoV-19_France_IDF-APHP-HEGP-15-12-2131845300_2021_2021-03-25_2021-06-22_3813,beta,6,GGAATTGTCAACAACA-Y-AGTTTATGATCCTTT,GGAATTGTCAACAACA-N-AGTTTATGATCCTTT,GGAATTGTCAACAACA-A-AGTTTATGATCCTTT,Y--->A,0.8278765
hCoV-19_France_IDF-APHP-HEGP-15-32-2137029179_2021_2021-03-23_2021-06-22_3813,beta,1,AGTTTTTGTACACAA-K-TAAACCGTGCTTTAAC,AGTTTTTGTACACAA-N-TAAACCGTGCTTTAAC,AGTTTTTGTACACAA-A-TTAACCGTGCTTTAAC,K--->A,0.83817464
hCoV-19_France_IDF-APHP-HEGP-17-41-2131881107_2021_2021-04-13_2021-06-22_3813,beta,1,GGTACTAAGAGGTTTG-M-TAACCCTGTCCTACC,GGTACTAAGAGGTTTG-N-TAACCCTGTCCTACC,GGTACTAAGAGGTTTG-T-TAACCCTGTCCTACC,M--->T,0.45796785
hCoV-19_France_IDF-APHP-HEGP-17-41-2131881107_2021_2021-04-13_2021-06-22_3813,beta,6,CTATTGCCATACCCA-Y-AAATTTTACTATTAGT,CTATTGCCATACCCA-N-AAATTTTACTATTAGT,CTATTGCCATACCCA-A-AAATTTTACTATTAGT,Y--->A,0.71483576
hCoV-19_France_IDF-APHP-HEGP-17-41-2131881107_2021_2021-04-13_2021-06-22_3813,beta,6,TCTATTGCCATACCCA-Y-AAATTTTACTATTAG,TCTATTGCCATACCCA-N-AAATTTTACTATTAG,TCTATTGCCATACCCA-A-AAATTTTACTATTAG,Y--->A,0.440651
hCoV-19_France_IDF-APHP-HEGP-17-41-2131881107_2021_2021-04-13_2021-06-22_3813,beta,7,CAAATCATTACTACA-S-ACAACACATTTGTGTC,CAAATCATTACTACA-N-ACAACACATTTGTGTC,CAAATCATTACTACA-A-AACACACATTTGTGTC,S--->A,0.72183675
hCoV-19_France_IDF-APHP-HEGP-17-41-2131881107_2021_2021-04-13_2021-06-22_3813,beta,7,ACAAATCATTACTACA-S-ACAACACATTTGTGT,ACAAATCATTACTACA-N-ACAACACATTTGTGT,ACAAATCATTACTACA-A-AAACCACATTTGTGT,S--->A,0.6167871
hCoV-19_France_PAC-IHU-4393-N1_2021_2021-04-06_2021-04-30_3813,beta,1,TTTCTTCCACAGCAA-S-TGCACTTGGAAAACTT,TTTCTTCCACAGCAA-N-TGCACTTGGAAAACTT,TTTCTTCCACAGCAA-A-TGCACTTGGAAAACTT,S--->A,0.87640476
hCoV-19_France_PAC-IHU-4393-N1_2021_2021-04-06_2021-04-30_3813,beta,1,CTTTCTTCCACAGCAA-S-TGCACTTGGAAAACT,CTTTCTTCCACAGCAA-N-TGCACTTGGAAAACT,CTTTCTTCCACAGCAA-T-TGCACTTGGAAAACT,S--->T,0.3910603
hCoV-19_Germany_BE-ChVir-LB-210429-4422_2021_2021-04-21_2021-05-03_3813,beta,1,AGTTTATGATCCTTT-S-CAACCTGAATTAGACT,AGTTTATGATCCTTT-N-CAACCTGAATTAGACT,AGTTTATGATCCTTT-T-CAACCTGAATTAGACT,S--->T,0.6526142
hCoV-19_Germany_BY-MVP-000003872_2021_2021-02-27_2021-04-27_3822,beta,7,TTGGCAGAGACATTG-M-TGACACTACTGATGCT,TTGGCAGAGACATTG-N-TGACACTACTGATGCT,TTGGCAGAGACATTG-T-TGACACTACTGATGCT,M--->T,0.79563594
hCoV-19_Germany_BY-MVP-000003872_2021_2021-02-27_2021-04-27_3822,beta,7,TTTGGCAGAGACATTG-M-TGACACTACTGATGC,TTTGGCAGAGACATTG-N-TGACACTACTGATGC,TTTGGCAGAGACATAG-T-TGACACTACTGATGC,M--->T,0.7555037
hCoV-19_Germany_BY-MVP-000003897_2021_2021-03-16_2021-04-27_3813,beta,1,GGTTCCATGCTATAC-R-TGTCTCTGGGACCAAT,GGTTCCATGCTATAC-N-TGTCTCTGGGACCAAT,GGTTCCATGCTATAC-T-TGTCTCTGGGACCAAT,R--->T,0.6096858
hCoV-19_Germany_BY-MVP-000003897_2021_2021-03-16_2021-04-27_3813,beta,1,TGGTTCCATGCTATAC-R-TGTCTCTGGGACCAA,TGGTTCCATGCTATAC-N-TGTCTCTGGGACCAA,TGGTTCCATGCTATAC-T-TGTCTCTGGGACCAA,R--->T,0.6414588
hCoV-19_Germany_BY-MVP-000004054_2021_2021-02-22_2021-04-27_3813,beta,4,TTGGCAGAGACATTG-M-TGACACTACTGATGCT,TTGGCAGAGACATTG-N-TGACACTACTGATGCT,TTGGCAGAGACATTG-T-TGACACTACTGATGCT,M--->T,0.79563594
hCoV-19_Germany_BY-MVP-000004054_2021_2021-02-22_2021-04-27_3813,beta,4,TTTGGCAGAGACATTG-M-TGACACTACTGATGC,TTTGGCAGAGACATTG-N-TGACACTACTGATGC,TTTGGCAGAGACATAG-T-TGACACTACTGATGC,M--->T,0.7555037
hCoV-19_Germany_BY-MVP-000004205_2021_2021-03-18_2021-04-27_3813,beta,4,ATGAAGACGACTCTGA-R-CCAGTGCTCAAAGGA,ATGAAGACGACTCTGA-N-CCAGTGCTCAAAGGA,ATGAAGACGACTCTGA-C-CCAGTGCTCAAAGGA,R--->C,0.46189728
hCoV-19_Germany_BY-MVP-000004238_2021_2021-03-15_2021-04-27_3813,beta,3,TTGGCAGAGACATTG-M-TGACACTACTGATGCT,TTGGCAGAGACATTG-N-TGACACTACTGATGCT,TTGGCAGAGACATTG-T-TGACACTACTGATGCT,M--->T,0.79563594
hCoV-19_Germany_BY-MVP-000004238_2021_2021-03-15_2021-04-27_3813,beta,3,TTTGGCAGAGACATTG-M-TGACACTACTGATGC,TTTGGCAGAGACATTG-N-TGACACTACTGATGC,TTTGGCAGAGACATAG-T-TGACACTACTGATGC,M--->T,0.7555037
hCoV-19_Germany_BY-MVP-000004247_2021_2021-03-15_2021-04-27_3813,beta,4,TTGGCAGAGACATTG-M-TGACACTACTGATGCT,TTGGCAGAGACATTG-N-TGACACTACTGATGCT,TTGGCAGAGACATTG-T-TGACACTACTGATGCT,M--->T,0.79563594
hCoV-19_Germany_BY-MVP-000004247_2021_2021-03-15_2021-04-27_3813,beta,4,TTTGGCAGAGACATTG-M-TGACACTACTGATGC,TTTGGCAGAGACATTG-N-TGACACTACTGATGC,TTTGGCAGAGACATAG-T-TGACACTACTGATGC,M--->T,0.7555037
hCoV-19_Germany_HH-HPI-p6619_2021_2021-04-28_2021-06-03_3813,beta,1,TGTTTAATAGGGGCTG-W-ACATGTCAACAACTC,TGTTTAATAGGGGCTG-N-ACATGTCAACAACTC,TGTTTAATAGGGGCTG-C-ACATGTCAACAACTC,W--->C,0.5267703
hCoV-19_Germany_un-ChVir-LB-210514-5850_2021_2021-04-30_2021-11-05_3813,beta,1,GGACCTTTGGTGCAG-R-TGCTGCATTACAAATA,GGACCTTTGGTGCAG-N-TGCTGCATTACAAATA,GGACCTTTGGTGCAG-T-TGCTGCATTACAAATA,R--->T,0.39074343
hCoV-19_India_KL-GENESCOV03639_2021_2021-04-23_2021-12-06_3822,beta,1,GATCCTTTGCAACCT-S-AATTAGACTCATTCAA,GATCCTTTGCAACCT-N-AATTAGACTCATTCAA,GATCCTTTGCAACCT-T-AACTAGACTTATTCAA,S--->T,0.56011283
hCoV-19_India_KL-GENESCOV03639_2021_2021-04-23_2021-12-06_3822,beta,1,TGATCCTTTGCAACCT-S-AATTAGACTCATTCA,TGATCCTTTGCAACCT-N-AATTAGACTCATTCA,TGATCCTTTGCAACCT-A-ATTTAGACTCATTCA,S--->A,0.80766654
hCoV-19_India_MH-IGIB-IP00818_2021_2021-04-16_2021-09-13_3813,beta,3,CTCAGACTAATTCTC-S-TCGGCGGGCACGTAGT,CTCAGACTAATTCTC-N-TCGGCGGGCACGTAGT,CTCAGACTAATTCTC-A-TCGGCGGGCACGTAGT,S--->A,0.92602885
hCoV-19_India_MH-IGIB-IP00818_2021_2021-04-16_2021-09-13_3813,beta,3,ACTCAGACTAATTCTC-S-TCGGCGGGCACGTAG,ACTCAGACTAATTCTC-N-TCGGCGGGCACGTAG,ACTCAGACTAATTCTC-A-TCGGCGGGCACGTAG,S--->A,0.8688053
hCoV-19_India_PB-203_2021_2021-03-30_2021-05-24_3813,beta,1,CCCCCTGCACACACT-M-ATTCTTTCACACGTGG,CCCCCTGCACACACT-N-ATTCTTTCACACGTGG,CCCCCCTGCATACAC-T-AATCTTTCACACGTGG,M--->T,0.49052107
hCoV-19_India_TG-BM347_2021_2021-04-16_2021-05-16_3822,beta,5,TTGGCAGAGACATTG-M-TGACACTACTGATGCT,TTGGCAGAGACATTG-N-TGACACTACTGATGCT,TTGGCAGAGACATTG-T-TGACACTACTGATGCT,M--->T,0.79563594
hCoV-19_India_TG-BM347_2021_2021-04-16_2021-05-16_3822,beta,5,TTTGGCAGAGACATTG-M-TGACACTACTGATGC,TTTGGCAGAGACATTG-N-TGACACTACTGATGC,TTTGGCAGAGACATAG-T-TGACACTACTGATGC,M--->T,0.7555037
hCoV-19_India_TG-BM347_2021_2021-04-16_2021-05-16_3822,beta,6,CAAATCATTACTACA-S-ACAACACATTTGTGTC,CAAATCATTACTACA-N-ACAACACATTTGTGTC,CAAATCATTACTACA-A-AACACACATTTGTGTC,S--->A,0.72183675
hCoV-19_India_TG-BM347_2021_2021-04-16_2021-05-16_3822,beta,6,ACAAATCATTACTACA-S-ACAACACATTTGTGT,ACAAATCATTACTACA-N-ACAACACATTTGTGT,ACAAATCATTACTACA-A-AAACCACATTTGTGT,S--->A,0.6167871
hCoV-19_Italy_LAZ-ID461UTV_2021_2021-04-22_2021-05-26_3813,beta,1,ATCAAAACCAAGCAAG-R-GGTCATTTATTGAAG,ATCAAAACCAAGCAAG-N-GGTCATTTATTGAAG,ATCAAAACCAAGCAAG-T-GGTCATTTATTGAAG,R--->T,0.37047985
hCoV-19_Kenya_ILRI_KEM-21-03-94425_2021_2021-03-04_2021-09-16_3813,beta,2,GGTACTAAGAGGTTTG-M-TAACCCTGTCCTACC,GGTACTAAGAGGTTTG-N-TAACCCTGTCCTACC,GGTACTAAGAGGTTTG-T-TAACCCTGTCCTACC,M--->T,0.45796785
hCoV-19_Kenya_ILRI_KEM-21-03-94425_2021_2021-03-04_2021-09-16_3813,beta,7,CTATTGCCATACCCA-Y-AAATTTTACTATTAGT,CTATTGCCATACCCA-N-AAATTTTACTATTAGT,CTATTGCCATACCCA-A-AAATTTTACTATTAGT,Y--->A,0.71483576
hCoV-19_Kenya_ILRI_KEM-21-03-94425_2021_2021-03-04_2021-09-16_3813,beta,7,TCTATTGCCATACCCA-Y-AAATTTTACTATTAG,TCTATTGCCATACCCA-N-AAATTTTACTATTAG,TCTATTGCCATACCCA-A-AAATTTTACTATTAG,Y--->A,0.440651
hCoV-19_Kenya_ILRI_KEM-21-03-94736_2021_2021-03-12_2021-09-16_3813,beta,3,CTATTGCCATACCCA-Y-AAATTTTACTATTAGT,CTATTGCCATACCCA-N-AAATTTTACTATTAGT,CTATTGCCATACCCA-A-AAATTTTACTATTAGT,Y--->A,0.71483576
hCoV-19_Kenya_ILRI_KEM-21-03-94736_2021_2021-03-12_2021-09-16_3813,beta,3,TCTATTGCCATACCCA-Y-AAATTTTACTATTAG,TCTATTGCCATACCCA-N-AAATTTTACTATTAG,TCTATTGCCATACCCA-A-AAATTTTACTATTAG,Y--->A,0.440651
hCoV-19_Kenya_ILRI_KEM-21-03-94736_2021_2021-03-12_2021-09-16_3813,beta,5,CAAATCATTACTACA-S-ACAACACATTTGTGTC,CAAATCATTACTACA-N-ACAACACATTTGTGTC,CAAATCATTACTACA-A-AACACACATTTGTGTC,S--->A,0.72183675
hCoV-19_Kenya_ILRI_KEM-21-03-94736_2021_2021-03-12_2021-09-16_3813,beta,5,ACAAATCATTACTACA-S-ACAACACATTTGTGT,ACAAATCATTACTACA-N-ACAACACATTTGTGT,ACAAATCATTACTACA-A-AAACCACATTTGTGT,S--->A,0.6167871
hCoV-19_Kenya_ILRI_M00103_2021_2021-03-12_2022-02-18_3813,beta,1,GGTACTAAGAGGTTTG-M-TAACCCTGTCCTACC,GGTACTAAGAGGTTTG-N-TAACCCTGTCCTACC,GGTACTAAGAGGTTTG-T-TAACCCTGTCCTACC,M--->T,0.45796785
hCoV-19_Kenya_ILRI_M00103_2021_2021-03-12_2022-02-18_3813,beta,2,TTGGCAGAGACATTG-M-TGACACTACTGATGCT,TTGGCAGAGACATTG-N-TGACACTACTGATGCT,TTGGCAGAGACATTG-T-TGACACTACTGATGCT,M--->T,0.79563594
hCoV-19_Kenya_ILRI_M00103_2021_2021-03-12_2022-02-18_3813,beta,2,TTTGGCAGAGACATTG-M-TGACACTACTGATGC,TTTGGCAGAGACATTG-N-TGACACTACTGATGC,TTTGGCAGAGACATAG-T-TGACACTACTGATGC,M--->T,0.7555037
hCoV-19_Kenya_ILRI_M00103_2021_2021-03-12_2022-02-18_3813,beta,5,CTATTGCCATACCCA-Y-AAATTTTACTATTAGT,CTATTGCCATACCCA-N-AAATTTTACTATTAGT,CTATTGCCATACCCA-A-AAATTTTACTATTAGT,Y--->A,0.71483576
hCoV-19_Kenya_ILRI_M00103_2021_2021-03-12_2022-02-18_3813,beta,5,TCTATTGCCATACCCA-Y-AAATTTTACTATTAG,TCTATTGCCATACCCA-N-AAATTTTACTATTAG,TCTATTGCCATACCCA-A-AAATTTTACTATTAG,Y--->A,0.440651
hCoV-19_Kenya_ILRI_M00103_2021_2021-03-12_2022-02-18_3813,beta,6,CAAATCATTACTACA-S-ACAACACATTTGTGTC,CAAATCATTACTACA-N-ACAACACATTTGTGTC,CAAATCATTACTACA-A-AACACACATTTGTGTC,S--->A,0.72183675
hCoV-19_Kenya_ILRI_M00103_2021_2021-03-12_2022-02-18_3813,beta,6,ACAAATCATTACTACA-S-ACAACACATTTGTGT,ACAAATCATTACTACA-N-ACAACACATTTGTGT,ACAAATCATTACTACA-A-AAACCACATTTGTGT,S--->A,0.6167871
hCoV-19_Kyrgyzstan_NRL-52974_2021_2021-05-08_2022-06-14_3813,beta,1,GGTACTAAGAGGTTTG-M-TAACCCTGTCCTACC,GGTACTAAGAGGTTTG-N-TAACCCTGTCCTACC,GGTACTAAGAGGTTTG-T-TAACCCTGTCCTACC,M--->T,0.45796785
hCoV-19_Kyrgyzstan_NRL-52974_2021_2021-05-08_2022-06-14_3813,beta,3,TGTGACTCAACAATTA-M-TTAGAGCTGCAGAAA,TGTGACTCAACAATTA-N-TTAGAGCTGCAGAAA,TGTGACTCAACAATTA-T-TAAGAGCTGCAGAAA,M--->T,0.57929367
hCoV-19_Kyrgyzstan_NRL-53053_2021_2021-05-09_2022-06-14_3813,beta,1,GGTACTAAGAGGTTTG-M-TAACCCTGTCCTACC,GGTACTAAGAGGTTTG-N-TAACCCTGTCCTACC,GGTACTAAGAGGTTTG-T-TAACCCTGTCCTACC,M--->T,0.45796785
hCoV-19_Kyrgyzstan_NRL-53588_2021_2021-05-11_2022-06-14_3813,beta,1,GGTACTAAGAGGTTTG-M-TAACCCTGTCCTACC,GGTACTAAGAGGTTTG-N-TAACCCTGTCCTACC,GGTACTAAGAGGTTTG-T-TAACCCTGTCCTACC,M--->T,0.45796785
hCoV-19_Kyrgyzstan_NRL-53954_2021_2021-05-12_2022-06-14_3813,beta,1,GGTACTAAGAGGTTTG-M-TAACCCTGTCCTACC,GGTACTAAGAGGTTTG-N-TAACCCTGTCCTACC,GGTACTAAGAGGTTTG-T-TAACCCTGTCCTACC,M--->T,0.45796785
hCoV-19_Kyrgyzstan_NRL-60786_2021_2021-06-08_2022-06-14_3813,beta,1,GGTACTAAGAGGTTTG-M-TAACCCTGTCCTACC,GGTACTAAGAGGTTTG-N-TAACCCTGTCCTACC,GGTACTAAGAGGTTTG-T-TAACCCTGTCCTACC,M--->T,0.45796785
hCoV-19_Kyrgyzstan_NRL-61918_2021_2021-06-11_2022-06-14_3813,beta,2,TGTGACTCAACAATTA-M-TTAGAGCTGCAGAAA,TGTGACTCAACAATTA-N-TTAGAGCTGCAGAAA,TGTGACTCAACAATTA-T-TAAGAGCTGCAGAAA,M--->T,0.57929367
hCoV-19_Madagascar_IPM-06411_2021_2021-04-13_2021-09-19_3813,beta,2,TCCCTCAGGGTTTTT-Y-GGCTTTAGAACCATTG,TCCCTCAGGGTTTTT-N-GGCTTTAGAACCATTG,TCCCTCAGGGTTTTT-G-GGCTTTAGAACCATTG,Y--->G,0.41768804
hCoV-19_Madagascar_IPM-61257_2021_2021-04-14_2021-09-19_3813,beta,1,GCCACTAGTCTCTAGT-M-AGTGTGTTAATTTTA,GCCACTAGTCTCTAGT-N-AGTGTGTTAATTTTA,GCCACTAGTCTCTAGT-G-AGTGTGTTAATTTTA,M--->G,0.5908697
hCoV-19_Madagascar_LA2M-112158_2021_2021-07-10_2021-12-16_3819,beta,1,ACCGTGCTTTAACTG-K-AATAGCTGTTGAACAA,ACCGTGCTTTAACTG-N-AATAGCTGTTGAACAA,ACCGTGCTTTAACTG-A-AATAGCTGTTGAACAA,K--->A,0.59899455
hCoV-19_Madagascar_LA2M-89947_2021_2021-04-23_2021-09-19_3813,beta,1,TCCACAGACACTTGA-S-ATTCTTGACATTACAC,TCCACAGACACTTGA-N-ATTCTTGACATTACAC,TCCACAGACACTTGA-A-ATTCTTGACATTACAC,S--->A,0.6358701
hCoV-19_Madagascar_LA2M-89947_2021_2021-04-23_2021-09-19_3813,beta,1,ATCCACAGACACTTGA-S-ATTCTTGACATTACA,ATCCACAGACACTTGA-N-ATTCTTGACATTACA,ATCCACAGACACTTGA-A-ATTCTTGACATTACA,S--->A,0.7340448
hCoV-19_Malaysia_0036_2021_2021-05-08_2021-08-05_3813,beta,3,GTTGTAATAGGAATT-R-TCAACAACACAGTTTA,GTTGTAATAGGAATT-N-TCAACAACACAGTTTA,GTTGTAATAGGAATT-T-TCAAAAACACAGTTTA,R--->T,0.8607135
hCoV-19_Malaysia_0036_2021_2021-05-08_2021-08-05_3813,beta,3,TGTTGTAATAGGAATT-R-TCAACAACACAGTTT,TGTTGTAATAGGAATT-N-TCAACAACACAGTTT,TGTTGTAATAGGAATT-T-TCAAAAACACAGTTT,R--->T,0.91165143
hCoV-19_Malaysia_0492_2021_2021-05-10_2021-08-05_3813,beta,2,TGTGACATACCCATT-R-GTGCAGGTATATGCGC,TGTGACATACCCATT-N-GTGCAGGTATATGCGC,TGTGACATAACCATT-T-GGGCCGGTATATGCGC,R--->T,0.5899733
hCoV-19_Malaysia_1082_2021_2021-03-21_2021-08-05_3813,beta,2,GTTGTAATAGGAATT-R-TCAACAACACAGTTTA,GTTGTAATAGGAATT-N-TCAACAACACAGTTTA,GTTGTAATAGGAATT-T-TCAAAAACACAGTTTA,R--->T,0.8607135
hCoV-19_Malaysia_1082_2021_2021-03-21_2021-08-05_3813,beta,2,TGTTGTAATAGGAATT-R-TCAACAACACAGTTT,TGTTGTAATAGGAATT-N-TCAACAACACAGTTT,TGTTGTAATAGGAATT-T-TCAAAAACACAGTTT,R--->T,0.91165143
hCoV-19_Malaysia_1082_2021_2021-03-21_2021-08-05_3813,beta,3,GCCTCAATGAGGTTGC-Y-AAGAATTTAAATGAA,GCCTCAATGAGGTTGC-N-AAGAATTTAAATGAA,GCCTCAATGAGGTTGC-A-AAGAATTTAAATGAA,Y--->A,0.70410436
hCoV-19_Malaysia_1621_2021_2021-04-06_2021-08-05_3813,beta,2,GTTGTAATAGGAATT-R-TCAACAACACAGTTTA,GTTGTAATAGGAATT-N-TCAACAACACAGTTTA,GTTGTAATAGGAATT-T-TCAAAAACACAGTTTA,R--->T,0.8607135
hCoV-19_Malaysia_1621_2021_2021-04-06_2021-08-05_3813,beta,2,TGTTGTAATAGGAATT-R-TCAACAACACAGTTT,TGTTGTAATAGGAATT-N-TCAACAACACAGTTT,TGTTGTAATAGGAATT-T-TCAAAAACACAGTTT,R--->T,0.91165143
hCoV-19_Malaysia_1664_2021_2021-04-06_2021-08-05_3813,beta,2,TTTCTTCCACAGCAA-S-TGCACTTGGAAAACTT,TTTCTTCCACAGCAA-N-TGCACTTGGAAAACTT,TTTCTTCCACAGCAA-A-TGCACTTGGAAAACTT,S--->A,0.87640476
hCoV-19_Malaysia_1664_2021_2021-04-06_2021-08-05_3813,beta,2,CTTTCTTCCACAGCAA-S-TGCACTTGGAAAACT,CTTTCTTCCACAGCAA-N-TGCACTTGGAAAACT,CTTTCTTCCACAGCAA-T-TGCACTTGGAAAACT,S--->T,0.3910603
hCoV-19_Malaysia_1664_2021_2021-04-06_2021-08-05_3813,beta,3,GTTGTAATAGGAATT-R-TCAACAACACAGTTTA,GTTGTAATAGGAATT-N-TCAACAACACAGTTTA,GTTGTAATAGGAATT-T-TCAAAAACACAGTTTA,R--->T,0.8607135
hCoV-19_Malaysia_1664_2021_2021-04-06_2021-08-05_3813,beta,3,TGTTGTAATAGGAATT-R-TCAACAACACAGTTT,TGTTGTAATAGGAATT-N-TCAACAACACAGTTT,TGTTGTAATAGGAATT-T-TCAAAAACACAGTTT,R--->T,0.91165143
hCoV-19_Malaysia_2470_2021_2021-04-09_2021-08-05_3813,beta,3,TGTGACATACCCATT-R-GTGCAGGTATATGCGC,TGTGACATACCCATT-N-GTGCAGGTATATGCGC,TGTGACATAACCATT-T-GGGCCGGTATATGCGC,R--->T,0.5899733
hCoV-19_Malaysia_2470_2021_2021-04-09_2021-08-05_3813,beta,6,GTTGTAATAGGAATT-R-TCAACAACACAGTTTA,GTTGTAATAGGAATT-N-TCAACAACACAGTTTA,GTTGTAATAGGAATT-T-TCAAAAACACAGTTTA,R--->T,0.8607135
hCoV-19_Malaysia_2470_2021_2021-04-09_2021-08-05_3813,beta,6,TGTTGTAATAGGAATT-R-TCAACAACACAGTTT,TGTTGTAATAGGAATT-N-TCAACAACACAGTTT,TGTTGTAATAGGAATT-T-TCAAAAACACAGTTT,R--->T,0.91165143
hCoV-19_Malaysia_2492_2021_2021-04-10_2021-08-05_3813,beta,2,TTTCTTCCACAGCAA-S-TGCACTTGGAAAACTT,TTTCTTCCACAGCAA-N-TGCACTTGGAAAACTT,TTTCTTCCACAGCAA-A-TGCACTTGGAAAACTT,S--->A,0.87640476
hCoV-19_Malaysia_2492_2021_2021-04-10_2021-08-05_3813,beta,2,CTTTCTTCCACAGCAA-S-TGCACTTGGAAAACT,CTTTCTTCCACAGCAA-N-TGCACTTGGAAAACT,CTTTCTTCCACAGCAA-T-TGCACTTGGAAAACT,S--->T,0.3910603
hCoV-19_Malaysia_2492_2021_2021-04-10_2021-08-05_3813,beta,3,GTTGTAATAGGAATT-R-TCAACAACACAGTTTA,GTTGTAATAGGAATT-N-TCAACAACACAGTTTA,GTTGTAATAGGAATT-T-TCAAAAACACAGTTTA,R--->T,0.8607135
hCoV-19_Malaysia_2492_2021_2021-04-10_2021-08-05_3813,beta,3,TGTTGTAATAGGAATT-R-TCAACAACACAGTTT,TGTTGTAATAGGAATT-N-TCAACAACACAGTTT,TGTTGTAATAGGAATT-T-TCAAAAACACAGTTT,R--->T,0.91165143
hCoV-19_Malaysia_2498_2021_2021-04-10_2021-08-05_3813,beta,4,TTTCTTCCACAGCAA-S-TGCACTTGGAAAACTT,TTTCTTCCACAGCAA-N-TGCACTTGGAAAACTT,TTTCTTCCACAGCAA-A-TGCACTTGGAAAACTT,S--->A,0.87640476
hCoV-19_Malaysia_2498_2021_2021-04-10_2021-08-05_3813,beta,4,CTTTCTTCCACAGCAA-S-TGCACTTGGAAAACT,CTTTCTTCCACAGCAA-N-TGCACTTGGAAAACT,CTTTCTTCCACAGCAA-T-TGCACTTGGAAAACT,S--->T,0.3910603
hCoV-19_Malaysia_2513_2021_2021-04-10_2021-08-05_3813,beta,4,TTTCTTCCACAGCAA-S-TGCACTTGGAAAACTT,TTTCTTCCACAGCAA-N-TGCACTTGGAAAACTT,TTTCTTCCACAGCAA-A-TGCACTTGGAAAACTT,S--->A,0.87640476
hCoV-19_Malaysia_2513_2021_2021-04-10_2021-08-05_3813,beta,4,CTTTCTTCCACAGCAA-S-TGCACTTGGAAAACT,CTTTCTTCCACAGCAA-N-TGCACTTGGAAAACT,CTTTCTTCCACAGCAA-T-TGCACTTGGAAAACT,S--->T,0.3910603
hCoV-19_Malaysia_2521_2021_2021-04-10_2021-08-05_3813,beta,3,TTTCTTCCACAGCAA-S-TGCACTTGGAAAACTT,TTTCTTCCACAGCAA-N-TGCACTTGGAAAACTT,TTTCTTCCACAGCAA-A-TGCACTTGGAAAACTT,S--->A,0.87640476
hCoV-19_Malaysia_2521_2021_2021-04-10_2021-08-05_3813,beta,3,CTTTCTTCCACAGCAA-S-TGCACTTGGAAAACT,CTTTCTTCCACAGCAA-N-TGCACTTGGAAAACT,CTTTCTTCCACAGCAA-T-TGCACTTGGAAAACT,S--->T,0.3910603
hCoV-19_Malaysia_2521_2021_2021-04-10_2021-08-05_3813,beta,4,GTTGTAATAGGAATT-R-TCAACAACACAGTTTA,GTTGTAATAGGAATT-N-TCAACAACACAGTTTA,GTTGTAATAGGAATT-T-TCAAAAACACAGTTTA,R--->T,0.8607135
hCoV-19_Malaysia_2521_2021_2021-04-10_2021-08-05_3813,beta,4,TGTTGTAATAGGAATT-R-TCAACAACACAGTTT,TGTTGTAATAGGAATT-N-TCAACAACACAGTTT,TGTTGTAATAGGAATT-T-TCAAAAACACAGTTT,R--->T,0.91165143
hCoV-19_Malaysia_2834_2021_2021-04-12_2021-08-05_3813,beta,2,GTTGTAATAGGAATT-R-TCAACAACACAGTTTA,GTTGTAATAGGAATT-N-TCAACAACACAGTTTA,GTTGTAATAGGAATT-T-TCAAAAACACAGTTTA,R--->T,0.8607135
hCoV-19_Malaysia_2834_2021_2021-04-12_2021-08-05_3813,beta,2,TGTTGTAATAGGAATT-R-TCAACAACACAGTTT,TGTTGTAATAGGAATT-N-TCAACAACACAGTTT,TGTTGTAATAGGAATT-T-TCAAAAACACAGTTT,R--->T,0.91165143
hCoV-19_Malaysia_3457_2021_2021-02-26_2021-08-05_3813,beta,2,GTTGTAATAGGAATT-R-TCAACAACACAGTTTA,GTTGTAATAGGAATT-N-TCAACAACACAGTTTA,GTTGTAATAGGAATT-T-TCAAAAACACAGTTTA,R--->T,0.8607135
hCoV-19_Malaysia_3457_2021_2021-02-26_2021-08-05_3813,beta,2,TGTTGTAATAGGAATT-R-TCAACAACACAGTTT,TGTTGTAATAGGAATT-N-TCAACAACACAGTTT,TGTTGTAATAGGAATT-T-TCAAAAACACAGTTT,R--->T,0.91165143
hCoV-19_Malaysia_3460_2021_2021-02-25_2021-08-05_3813,beta,2,GTTGTAATAGGAATT-R-TCAACAACACAGTTTA,GTTGTAATAGGAATT-N-TCAACAACACAGTTTA,GTTGTAATAGGAATT-T-TCAAAAACACAGTTTA,R--->T,0.8607135
hCoV-19_Malaysia_3460_2021_2021-02-25_2021-08-05_3813,beta,2,TGTTGTAATAGGAATT-R-TCAACAACACAGTTT,TGTTGTAATAGGAATT-N-TCAACAACACAGTTT,TGTTGTAATAGGAATT-T-TCAAAAACACAGTTT,R--->T,0.91165143
hCoV-19_Malaysia_3479_2021_2021-04-14_2021-08-05_3813,beta,4,TTTCTTCCACAGCAA-S-TGCACTTGGAAAACTT,TTTCTTCCACAGCAA-N-TGCACTTGGAAAACTT,TTTCTTCCACAGCAA-A-TGCACTTGGAAAACTT,S--->A,0.87640476
hCoV-19_Malaysia_3479_2021_2021-04-14_2021-08-05_3813,beta,4,CTTTCTTCCACAGCAA-S-TGCACTTGGAAAACT,CTTTCTTCCACAGCAA-N-TGCACTTGGAAAACT,CTTTCTTCCACAGCAA-T-TGCACTTGGAAAACT,S--->T,0.3910603
hCoV-19_Malaysia_3721_2021_2021-04-15_2021-08-05_3813,beta,3,TTTCTTCCACAGCAA-S-TGCACTTGGAAAACTT,TTTCTTCCACAGCAA-N-TGCACTTGGAAAACTT,TTTCTTCCACAGCAA-A-TGCACTTGGAAAACTT,S--->A,0.87640476
hCoV-19_Malaysia_3721_2021_2021-04-15_2021-08-05_3813,beta,3,CTTTCTTCCACAGCAA-S-TGCACTTGGAAAACT,CTTTCTTCCACAGCAA-N-TGCACTTGGAAAACT,CTTTCTTCCACAGCAA-T-TGCACTTGGAAAACT,S--->T,0.3910603
hCoV-19_Malaysia_3755_2021_2021-05-09_2021-08-05_3813,beta,2,TGTGACATACCCATT-R-GTGCAGGTATATGCGC,TGTGACATACCCATT-N-GTGCAGGTATATGCGC,TGTGACATAACCATT-T-GGGCCGGTATATGCGC,R--->T,0.5899733
hCoV-19_Malaysia_3755_2021_2021-05-09_2021-08-05_3813,beta,5,TTTCTTCCACAGCAA-S-TGCACTTGGAAAACTT,TTTCTTCCACAGCAA-N-TGCACTTGGAAAACTT,TTTCTTCCACAGCAA-A-TGCACTTGGAAAACTT,S--->A,0.87640476
hCoV-19_Malaysia_3755_2021_2021-05-09_2021-08-05_3813,beta,5,CTTTCTTCCACAGCAA-S-TGCACTTGGAAAACT,CTTTCTTCCACAGCAA-N-TGCACTTGGAAAACT,CTTTCTTCCACAGCAA-T-TGCACTTGGAAAACT,S--->T,0.3910603
hCoV-19_Malaysia_4008_2021_2021-05-10_2021-08-05_3813,beta,3,GTTGTAATAGGAATT-R-TCAACAACACAGTTTA,GTTGTAATAGGAATT-N-TCAACAACACAGTTTA,GTTGTAATAGGAATT-T-TCAAAAACACAGTTTA,R--->T,0.8607135
hCoV-19_Malaysia_4008_2021_2021-05-10_2021-08-05_3813,beta,3,TGTTGTAATAGGAATT-R-TCAACAACACAGTTT,TGTTGTAATAGGAATT-N-TCAACAACACAGTTT,TGTTGTAATAGGAATT-T-TCAAAAACACAGTTT,R--->T,0.91165143
hCoV-19_Malaysia_4013_2021_2021-05-10_2021-08-05_3813,beta,3,TTTCTTCCACAGCAA-S-TGCACTTGGAAAACTT,TTTCTTCCACAGCAA-N-TGCACTTGGAAAACTT,TTTCTTCCACAGCAA-A-TGCACTTGGAAAACTT,S--->A,0.87640476
hCoV-19_Malaysia_4013_2021_2021-05-10_2021-08-05_3813,beta,3,CTTTCTTCCACAGCAA-S-TGCACTTGGAAAACT,CTTTCTTCCACAGCAA-N-TGCACTTGGAAAACT,CTTTCTTCCACAGCAA-T-TGCACTTGGAAAACT,S--->T,0.3910603
hCoV-19_Malaysia_4091_2021_2021-04-17_2021-08-05_3813,beta,3,GTTGTAATAGGAATT-R-TCAACAACACAGTTTA,GTTGTAATAGGAATT-N-TCAACAACACAGTTTA,GTTGTAATAGGAATT-T-TCAAAAACACAGTTTA,R--->T,0.8607135
hCoV-19_Malaysia_4091_2021_2021-04-17_2021-08-05_3813,beta,3,TGTTGTAATAGGAATT-R-TCAACAACACAGTTT,TGTTGTAATAGGAATT-N-TCAACAACACAGTTT,TGTTGTAATAGGAATT-T-TCAAAAACACAGTTT,R--->T,0.91165143
hCoV-19_Malaysia_4119_2021_2021-04-17_2021-08-05_3813,beta,3,TTTCTTCCACAGCAA-S-TGCACTTGGAAAACTT,TTTCTTCCACAGCAA-N-TGCACTTGGAAAACTT,TTTCTTCCACAGCAA-A-TGCACTTGGAAAACTT,S--->A,0.87640476
hCoV-19_Malaysia_4119_2021_2021-04-17_2021-08-05_3813,beta,3,CTTTCTTCCACAGCAA-S-TGCACTTGGAAAACT,CTTTCTTCCACAGCAA-N-TGCACTTGGAAAACT,CTTTCTTCCACAGCAA-T-TGCACTTGGAAAACT,S--->T,0.3910603
hCoV-19_Malaysia_4119_2021_2021-04-17_2021-08-05_3813,beta,4,GTTGTAATAGGAATT-R-TCAACAACACAGTTTA,GTTGTAATAGGAATT-N-TCAACAACACAGTTTA,GTTGTAATAGGAATT-T-TCAAAAACACAGTTTA,R--->T,0.8607135
hCoV-19_Malaysia_4119_2021_2021-04-17_2021-08-05_3813,beta,4,TGTTGTAATAGGAATT-R-TCAACAACACAGTTT,TGTTGTAATAGGAATT-N-TCAACAACACAGTTT,TGTTGTAATAGGAATT-T-TCAAAAACACAGTTT,R--->T,0.91165143
hCoV-19_Malaysia_4203_2021_2021-04-18_2021-08-19_3813,beta,3,TTTCTTCCACAGCAA-S-TGCACTTGGAAAACTT,TTTCTTCCACAGCAA-N-TGCACTTGGAAAACTT,TTTCTTCCACAGCAA-A-TGCACTTGGAAAACTT,S--->A,0.87640476
hCoV-19_Malaysia_4203_2021_2021-04-18_2021-08-19_3813,beta,3,CTTTCTTCCACAGCAA-S-TGCACTTGGAAAACT,CTTTCTTCCACAGCAA-N-TGCACTTGGAAAACT,CTTTCTTCCACAGCAA-T-TGCACTTGGAAAACT,S--->T,0.3910603
hCoV-19_Malaysia_4403_2021_2021-04-19_2021-08-05_3813,beta,4,TTTCTTCCACAGCAA-S-TGCACTTGGAAAACTT,TTTCTTCCACAGCAA-N-TGCACTTGGAAAACTT,TTTCTTCCACAGCAA-A-TGCACTTGGAAAACTT,S--->A,0.87640476
hCoV-19_Malaysia_4403_2021_2021-04-19_2021-08-05_3813,beta,4,CTTTCTTCCACAGCAA-S-TGCACTTGGAAAACT,CTTTCTTCCACAGCAA-N-TGCACTTGGAAAACT,CTTTCTTCCACAGCAA-T-TGCACTTGGAAAACT,S--->T,0.3910603
hCoV-19_Malaysia_4403_2021_2021-04-19_2021-08-05_3813,beta,5,GTTGTAATAGGAATT-R-TCAACAACACAGTTTA,GTTGTAATAGGAATT-N-TCAACAACACAGTTTA,GTTGTAATAGGAATT-T-TCAAAAACACAGTTTA,R--->T,0.8607135
hCoV-19_Malaysia_4403_2021_2021-04-19_2021-08-05_3813,beta,5,TGTTGTAATAGGAATT-R-TCAACAACACAGTTT,TGTTGTAATAGGAATT-N-TCAACAACACAGTTT,TGTTGTAATAGGAATT-T-TCAAAAACACAGTTT,R--->T,0.91165143
hCoV-19_Malaysia_4423_2021_2021-04-19_2021-08-05_3813,beta,3,GTTGTAATAGGAATT-R-TCAACAACACAGTTTA,GTTGTAATAGGAATT-N-TCAACAACACAGTTTA,GTTGTAATAGGAATT-T-TCAAAAACACAGTTTA,R--->T,0.8607135
hCoV-19_Malaysia_4423_2021_2021-04-19_2021-08-05_3813,beta,3,TGTTGTAATAGGAATT-R-TCAACAACACAGTTT,TGTTGTAATAGGAATT-N-TCAACAACACAGTTT,TGTTGTAATAGGAATT-T-TCAAAAACACAGTTT,R--->T,0.91165143
hCoV-19_Malaysia_4733_2021_2021-04-20_2021-08-05_3813,beta,3,GTTGTAATAGGAATT-R-TCAACAACACAGTTTA,GTTGTAATAGGAATT-N-TCAACAACACAGTTTA,GTTGTAATAGGAATT-T-TCAAAAACACAGTTTA,R--->T,0.8607135
hCoV-19_Malaysia_4733_2021_2021-04-20_2021-08-05_3813,beta,3,TGTTGTAATAGGAATT-R-TCAACAACACAGTTT,TGTTGTAATAGGAATT-N-TCAACAACACAGTTT,TGTTGTAATAGGAATT-T-TCAAAAACACAGTTT,R--->T,0.91165143
hCoV-19_Malaysia_4740_2021_2021-04-20_2021-08-05_3813,beta,3,GTTGTAATAGGAATT-R-TCAACAACACAGTTTA,GTTGTAATAGGAATT-N-TCAACAACACAGTTTA,GTTGTAATAGGAATT-T-TCAAAAACACAGTTTA,R--->T,0.8607135
hCoV-19_Malaysia_4740_2021_2021-04-20_2021-08-05_3813,beta,3,TGTTGTAATAGGAATT-R-TCAACAACACAGTTT,TGTTGTAATAGGAATT-N-TCAACAACACAGTTT,TGTTGTAATAGGAATT-T-TCAAAAACACAGTTT,R--->T,0.91165143
hCoV-19_Malaysia_4757_2021_2021-04-20_2021-08-05_3813,beta,2,TTTCTTCCACAGCAA-S-TGCACTTGGAAAACTT,TTTCTTCCACAGCAA-N-TGCACTTGGAAAACTT,TTTCTTCCACAGCAA-A-TGCACTTGGAAAACTT,S--->A,0.87640476
hCoV-19_Malaysia_4757_2021_2021-04-20_2021-08-05_3813,beta,2,CTTTCTTCCACAGCAA-S-TGCACTTGGAAAACT,CTTTCTTCCACAGCAA-N-TGCACTTGGAAAACT,CTTTCTTCCACAGCAA-T-TGCACTTGGAAAACT,S--->T,0.3910603
hCoV-19_Malaysia_4757_2021_2021-04-20_2021-08-05_3813,beta,3,GTTGTAATAGGAATT-R-TCAACAACACAGTTTA,GTTGTAATAGGAATT-N-TCAACAACACAGTTTA,GTTGTAATAGGAATT-T-TCAAAAACACAGTTTA,R--->T,0.8607135
hCoV-19_Malaysia_4757_2021_2021-04-20_2021-08-05_3813,beta,3,TGTTGTAATAGGAATT-R-TCAACAACACAGTTT,TGTTGTAATAGGAATT-N-TCAACAACACAGTTT,TGTTGTAATAGGAATT-T-TCAAAAACACAGTTT,R--->T,0.91165143
hCoV-19_Malaysia_4758_2021_2021-04-20_2021-08-05_3813,beta,3,TTTCTTCCACAGCAA-S-TGCACTTGGAAAACTT,TTTCTTCCACAGCAA-N-TGCACTTGGAAAACTT,TTTCTTCCACAGCAA-A-TGCACTTGGAAAACTT,S--->A,0.87640476
hCoV-19_Malaysia_4758_2021_2021-04-20_2021-08-05_3813,beta,3,CTTTCTTCCACAGCAA-S-TGCACTTGGAAAACT,CTTTCTTCCACAGCAA-N-TGCACTTGGAAAACT,CTTTCTTCCACAGCAA-T-TGCACTTGGAAAACT,S--->T,0.3910603
hCoV-19_Malaysia_4762_2021_2021-04-20_2021-08-05_3813,beta,4,TTTCTTCCACAGCAA-S-TGCACTTGGAAAACTT,TTTCTTCCACAGCAA-N-TGCACTTGGAAAACTT,TTTCTTCCACAGCAA-A-TGCACTTGGAAAACTT,S--->A,0.87640476
hCoV-19_Malaysia_4762_2021_2021-04-20_2021-08-05_3813,beta,4,CTTTCTTCCACAGCAA-S-TGCACTTGGAAAACT,CTTTCTTCCACAGCAA-N-TGCACTTGGAAAACT,CTTTCTTCCACAGCAA-T-TGCACTTGGAAAACT,S--->T,0.3910603
hCoV-19_Malaysia_4765_2021_2021-04-20_2021-08-05_3813,beta,2,TGTGACATACCCATT-R-GTGCAGGTATATGCGC,TGTGACATACCCATT-N-GTGCAGGTATATGCGC,TGTGACATAACCATT-T-GGGCCGGTATATGCGC,R--->T,0.5899733
hCoV-19_Malaysia_5326_2021_2021-04-21_2021-08-05_3813,beta,3,TTTCTTCCACAGCAA-S-TGCACTTGGAAAACTT,TTTCTTCCACAGCAA-N-TGCACTTGGAAAACTT,TTTCTTCCACAGCAA-A-TGCACTTGGAAAACTT,S--->A,0.87640476
hCoV-19_Malaysia_5326_2021_2021-04-21_2021-08-05_3813,beta,3,CTTTCTTCCACAGCAA-S-TGCACTTGGAAAACT,CTTTCTTCCACAGCAA-N-TGCACTTGGAAAACT,CTTTCTTCCACAGCAA-T-TGCACTTGGAAAACT,S--->T,0.3910603
hCoV-19_Malaysia_5407_2021_2021-04-21_2021-08-05_3813,beta,4,TTTCTTCCACAGCAA-S-TGCACTTGGAAAACTT,TTTCTTCCACAGCAA-N-TGCACTTGGAAAACTT,TTTCTTCCACAGCAA-A-TGCACTTGGAAAACTT,S--->A,0.87640476
hCoV-19_Malaysia_5407_2021_2021-04-21_2021-08-05_3813,beta,4,CTTTCTTCCACAGCAA-S-TGCACTTGGAAAACT,CTTTCTTCCACAGCAA-N-TGCACTTGGAAAACT,CTTTCTTCCACAGCAA-T-TGCACTTGGAAAACT,S--->T,0.3910603
hCoV-19_Malaysia_5789_2021_2021-04-23_2021-08-05_3813,beta,2,TTTCTTCCACAGCAA-S-TGCACTTGGAAAACTT,TTTCTTCCACAGCAA-N-TGCACTTGGAAAACTT,TTTCTTCCACAGCAA-A-TGCACTTGGAAAACTT,S--->A,0.87640476
hCoV-19_Malaysia_5789_2021_2021-04-23_2021-08-05_3813,beta,2,CTTTCTTCCACAGCAA-S-TGCACTTGGAAAACT,CTTTCTTCCACAGCAA-N-TGCACTTGGAAAACT,CTTTCTTCCACAGCAA-T-TGCACTTGGAAAACT,S--->T,0.3910603
hCoV-19_Malaysia_5814_2021_2021-04-23_2021-08-05_3813,beta,3,TTTCTTCCACAGCAA-S-TGCACTTGGAAAACTT,TTTCTTCCACAGCAA-N-TGCACTTGGAAAACTT,TTTCTTCCACAGCAA-A-TGCACTTGGAAAACTT,S--->A,0.87640476
hCoV-19_Malaysia_5814_2021_2021-04-23_2021-08-05_3813,beta,3,CTTTCTTCCACAGCAA-S-TGCACTTGGAAAACT,CTTTCTTCCACAGCAA-N-TGCACTTGGAAAACT,CTTTCTTCCACAGCAA-T-TGCACTTGGAAAACT,S--->T,0.3910603
hCoV-19_Malaysia_5814_2021_2021-04-23_2021-08-05_3813,beta,4,GTTGTAATAGGAATT-R-TCAACAACACAGTTTA,GTTGTAATAGGAATT-N-TCAACAACACAGTTTA,GTTGTAATAGGAATT-T-TCAAAAACACAGTTTA,R--->T,0.8607135
hCoV-19_Malaysia_5814_2021_2021-04-23_2021-08-05_3813,beta,4,TGTTGTAATAGGAATT-R-TCAACAACACAGTTT,TGTTGTAATAGGAATT-N-TCAACAACACAGTTT,TGTTGTAATAGGAATT-T-TCAAAAACACAGTTT,R--->T,0.91165143
hCoV-19_Malaysia_5815_2021_2021-04-23_2021-08-05_3813,beta,5,TTTCTTCCACAGCAA-S-TGCACTTGGAAAACTT,TTTCTTCCACAGCAA-N-TGCACTTGGAAAACTT,TTTCTTCCACAGCAA-A-TGCACTTGGAAAACTT,S--->A,0.87640476
hCoV-19_Malaysia_5815_2021_2021-04-23_2021-08-05_3813,beta,5,CTTTCTTCCACAGCAA-S-TGCACTTGGAAAACT,CTTTCTTCCACAGCAA-N-TGCACTTGGAAAACT,CTTTCTTCCACAGCAA-T-TGCACTTGGAAAACT,S--->T,0.3910603
hCoV-19_Malaysia_5815_2021_2021-04-23_2021-08-05_3813,beta,6,GTTGTAATAGGAATT-R-TCAACAACACAGTTTA,GTTGTAATAGGAATT-N-TCAACAACACAGTTTA,GTTGTAATAGGAATT-T-TCAAAAACACAGTTTA,R--->T,0.8607135
hCoV-19_Malaysia_5815_2021_2021-04-23_2021-08-05_3813,beta,6,TGTTGTAATAGGAATT-R-TCAACAACACAGTTT,TGTTGTAATAGGAATT-N-TCAACAACACAGTTT,TGTTGTAATAGGAATT-T-TCAAAAACACAGTTT,R--->T,0.91165143
hCoV-19_Malaysia_6030_2021_2021-04-24_2021-08-05_3813,beta,4,TTTCTTCCACAGCAA-S-TGCACTTGGAAAACTT,TTTCTTCCACAGCAA-N-TGCACTTGGAAAACTT,TTTCTTCCACAGCAA-A-TGCACTTGGAAAACTT,S--->A,0.87640476
hCoV-19_Malaysia_6030_2021_2021-04-24_2021-08-05_3813,beta,4,CTTTCTTCCACAGCAA-S-TGCACTTGGAAAACT,CTTTCTTCCACAGCAA-N-TGCACTTGGAAAACT,CTTTCTTCCACAGCAA-T-TGCACTTGGAAAACT,S--->T,0.3910603
hCoV-19_Malaysia_6094_2021_2021-04-24_2021-08-05_3813,beta,4,TTTCTTCCACAGCAA-S-TGCACTTGGAAAACTT,TTTCTTCCACAGCAA-N-TGCACTTGGAAAACTT,TTTCTTCCACAGCAA-A-TGCACTTGGAAAACTT,S--->A,0.87640476
hCoV-19_Malaysia_6094_2021_2021-04-24_2021-08-05_3813,beta,4,CTTTCTTCCACAGCAA-S-TGCACTTGGAAAACT,CTTTCTTCCACAGCAA-N-TGCACTTGGAAAACT,CTTTCTTCCACAGCAA-T-TGCACTTGGAAAACT,S--->T,0.3910603
hCoV-19_Malaysia_6203_2021_2021-04-25_2021-08-05_3813,beta,2,TGTGACATACCCATT-R-GTGCAGGTATATGCGC,TGTGACATACCCATT-N-GTGCAGGTATATGCGC,TGTGACATAACCATT-T-GGGCCGGTATATGCGC,R--->T,0.5899733
hCoV-19_Malaysia_6203_2021_2021-04-25_2021-08-05_3813,beta,4,GTTGTAATAGGAATT-R-TCAACAACACAGTTTA,GTTGTAATAGGAATT-N-TCAACAACACAGTTTA,GTTGTAATAGGAATT-T-TCAAAAACACAGTTTA,R--->T,0.8607135
hCoV-19_Malaysia_6203_2021_2021-04-25_2021-08-05_3813,beta,4,TGTTGTAATAGGAATT-R-TCAACAACACAGTTT,TGTTGTAATAGGAATT-N-TCAACAACACAGTTT,TGTTGTAATAGGAATT-T-TCAAAAACACAGTTT,R--->T,0.91165143
hCoV-19_Malaysia_6206_2021_2021-04-25_2021-08-05_3813,beta,4,GTTGTAATAGGAATT-R-TCAACAACACAGTTTA,GTTGTAATAGGAATT-N-TCAACAACACAGTTTA,GTTGTAATAGGAATT-T-TCAAAAACACAGTTTA,R--->T,0.8607135
hCoV-19_Malaysia_6206_2021_2021-04-25_2021-08-05_3813,beta,4,TGTTGTAATAGGAATT-R-TCAACAACACAGTTT,TGTTGTAATAGGAATT-N-TCAACAACACAGTTT,TGTTGTAATAGGAATT-T-TCAAAAACACAGTTT,R--->T,0.91165143
hCoV-19_Malaysia_6334_2021_2021-04-25_2021-08-05_3813,beta,4,TTTCTTCCACAGCAA-S-TGCACTTGGAAAACTT,TTTCTTCCACAGCAA-N-TGCACTTGGAAAACTT,TTTCTTCCACAGCAA-A-TGCACTTGGAAAACTT,S--->A,0.87640476
hCoV-19_Malaysia_6334_2021_2021-04-25_2021-08-05_3813,beta,4,CTTTCTTCCACAGCAA-S-TGCACTTGGAAAACT,CTTTCTTCCACAGCAA-N-TGCACTTGGAAAACT,CTTTCTTCCACAGCAA-T-TGCACTTGGAAAACT,S--->T,0.3910603
hCoV-19_Malaysia_6334_2021_2021-04-25_2021-08-05_3813,beta,5,GTTGTAATAGGAATT-R-TCAACAACACAGTTTA,GTTGTAATAGGAATT-N-TCAACAACACAGTTTA,GTTGTAATAGGAATT-T-TCAAAAACACAGTTTA,R--->T,0.8607135
hCoV-19_Malaysia_6334_2021_2021-04-25_2021-08-05_3813,beta,5,TGTTGTAATAGGAATT-R-TCAACAACACAGTTT,TGTTGTAATAGGAATT-N-TCAACAACACAGTTT,TGTTGTAATAGGAATT-T-TCAAAAACACAGTTT,R--->T,0.91165143
hCoV-19_Malaysia_6439_2021_2021-04-26_2021-08-05_3813,beta,2,GTTGTAATAGGAATT-R-TCAACAACACAGTTTA,GTTGTAATAGGAATT-N-TCAACAACACAGTTTA,GTTGTAATAGGAATT-T-TCAAAAACACAGTTTA,R--->T,0.8607135
hCoV-19_Malaysia_6439_2021_2021-04-26_2021-08-05_3813,beta,2,TGTTGTAATAGGAATT-R-TCAACAACACAGTTT,TGTTGTAATAGGAATT-N-TCAACAACACAGTTT,TGTTGTAATAGGAATT-T-TCAAAAACACAGTTT,R--->T,0.91165143
hCoV-19_Malaysia_6686_2021_2021-04-26_2021-08-05_3813,beta,2,TGTGACATACCCATT-R-GTGCAGGTATATGCGC,TGTGACATACCCATT-N-GTGCAGGTATATGCGC,TGTGACATAACCATT-T-GGGCCGGTATATGCGC,R--->T,0.5899733
hCoV-19_Malaysia_6686_2021_2021-04-26_2021-08-05_3813,beta,4,GTTGTAATAGGAATT-R-TCAACAACACAGTTTA,GTTGTAATAGGAATT-N-TCAACAACACAGTTTA,GTTGTAATAGGAATT-T-TCAAAAACACAGTTTA,R--->T,0.8607135
hCoV-19_Malaysia_6686_2021_2021-04-26_2021-08-05_3813,beta,4,TGTTGTAATAGGAATT-R-TCAACAACACAGTTT,TGTTGTAATAGGAATT-N-TCAACAACACAGTTT,TGTTGTAATAGGAATT-T-TCAAAAACACAGTTT,R--->T,0.91165143
hCoV-19_Malaysia_6910_2021_2021-04-27_2021-08-05_3813,beta,2,TGTGACATACCCATT-R-GTGCAGGTATATGCGC,TGTGACATACCCATT-N-GTGCAGGTATATGCGC,TGTGACATAACCATT-T-GGGCCGGTATATGCGC,R--->T,0.5899733
hCoV-19_Malaysia_6910_2021_2021-04-27_2021-08-05_3813,beta,3,TTTCTTCCACAGCAA-S-TGCACTTGGAAAACTT,TTTCTTCCACAGCAA-N-TGCACTTGGAAAACTT,TTTCTTCCACAGCAA-A-TGCACTTGGAAAACTT,S--->A,0.87640476
hCoV-19_Malaysia_6910_2021_2021-04-27_2021-08-05_3813,beta,3,CTTTCTTCCACAGCAA-S-TGCACTTGGAAAACT,CTTTCTTCCACAGCAA-N-TGCACTTGGAAAACT,CTTTCTTCCACAGCAA-T-TGCACTTGGAAAACT,S--->T,0.3910603
hCoV-19_Malaysia_6910_2021_2021-04-27_2021-08-05_3813,beta,4,TTTATGAACCACAAAT-Y-ATTACTACAGACAAC,TTTATGAACCACAAAT-N-ATTACTACAGACAAC,TTTATGAACCACAAAT-A-ATTTATTAAGACAAC,Y--->A,0.5955932
hCoV-19_Malaysia_7224_2021_2021-04-24_2021-08-05_3813,beta,3,GTTGTAATAGGAATT-R-TCAACAACACAGTTTA,GTTGTAATAGGAATT-N-TCAACAACACAGTTTA,GTTGTAATAGGAATT-T-TCAAAAACACAGTTTA,R--->T,0.8607135
hCoV-19_Malaysia_7224_2021_2021-04-24_2021-08-05_3813,beta,3,TGTTGTAATAGGAATT-R-TCAACAACACAGTTT,TGTTGTAATAGGAATT-N-TCAACAACACAGTTT,TGTTGTAATAGGAATT-T-TCAAAAACACAGTTT,R--->T,0.91165143
hCoV-19_Malaysia_8703_2021_2021-04-27_2021-08-05_3813,beta,2,TGTGACATACCCATT-R-GTGCAGGTATATGCGC,TGTGACATACCCATT-N-GTGCAGGTATATGCGC,TGTGACATAACCATT-T-GGGCCGGTATATGCGC,R--->T,0.5899733
hCoV-19_Malaysia_8703_2021_2021-04-27_2021-08-05_3813,beta,5,GTTGTAATAGGAATT-R-TCAACAACACAGTTTA,GTTGTAATAGGAATT-N-TCAACAACACAGTTTA,GTTGTAATAGGAATT-T-TCAAAAACACAGTTTA,R--->T,0.8607135
hCoV-19_Malaysia_8703_2021_2021-04-27_2021-08-05_3813,beta,5,TGTTGTAATAGGAATT-R-TCAACAACACAGTTT,TGTTGTAATAGGAATT-N-TCAACAACACAGTTT,TGTTGTAATAGGAATT-T-TCAAAAACACAGTTT,R--->T,0.91165143
hCoV-19_Malaysia_9097_2021_2021-02-24_2021-08-05_3813,beta,4,ATGGTACATTTGGCT-R-GGTTTTATAGCTGGCT,ATGGTACATTTGGCT-N-GGTTTTATAGCTGGCT,ATGGTACATTTGGCT-T-GGTTTTATAGCTGGCT,R--->T,0.53206015
hCoV-19_Mauritius_181502_2021_2021-05-24_2022-07-14_3813,beta,2,ACACCACCAATTAAA-S-ATTTTGGTGGTTTTAA,ACACCACCAATTAAA-N-ATTTTGGTGGTTTTAA,ACACCACCAATTAAA-A-ATTTTGGTGGTTTTAA,S--->A,0.73066115
hCoV-19_Mauritius_P3660_2021_2021-03-01_2022-07-14_3813,beta,2,CTATTGCCATACCCA-Y-AAATTTTACTATTAGT,CTATTGCCATACCCA-N-AAATTTTACTATTAGT,CTATTGCCATACCCA-A-AAATTTTACTATTAGT,Y--->A,0.71483576
hCoV-19_Mauritius_P3660_2021_2021-03-01_2022-07-14_3813,beta,2,TCTATTGCCATACCCA-Y-AAATTTTACTATTAG,TCTATTGCCATACCCA-N-AAATTTTACTATTAG,TCTATTGCCATACCCA-A-AAATTTTACTATTAG,Y--->A,0.440651
hCoV-19_Mauritius_P3660_2021_2021-03-01_2022-07-14_3813,beta,4,TGGCATTAATGCTTCA-K-TTGTAAACATTCAAA,TGGCATTAATGCTTCA-N-TTGTAAACATTCAAA,TGGCATTAATGCTTCA-C-TTGTAAACATTCAAA,K--->C,0.43395326
hCoV-19_Mozambique_COV-2287-A1935_2021_2021-05-01_2021-11-01_3813,beta,2,TAGCTAGTCAATCCAT-Y-ATTGCCTACACTATG,TAGCTAGTCAATCCAT-N-ATTGCCTACACTATG,TAGCTAGTCAATCCAT-A-ATTGCCTACACTATG,Y--->A,0.54135644
hCoV-19_Mozambique_COV-2287-A1935_2021_2021-05-01_2021-11-01_3813,beta,3,TGAATTAGACTCATT-Y-AAGGAGGAGTTAGATA,TGAATTAGACTCATT-N-AAGGAGGAGTTAGATA,TGAATTAGACTCATT-G-AAGGAGGAGGTAGATA,Y--->G,0.48726267
hCoV-19_Mozambique_COV-2306-A1954_2021_2021-05-18_2021-11-01_3813,beta,2,GCAAGAGGTCATTTA-Y-TGAAGATCTACTTTTC,GCAAGAGGTCATTTA-N-TGAAGATCTACTTTTC,GCAAGAGGTCATTTA-A-TGAAGATCTACTTTTC,Y--->A,0.5736743
hCoV-19_Mozambique_COV-2360-A2009_2021_2021-05-27_2021-11-01_3813,beta,2,GCTGCAGAAATCAGA-K-CTTCTGCTAATCTTGC,GCTGCAGAAATCAGA-N-CTTCTGCTAATCTTGC,GCTGCAGAAATCAGA-A-CTTCTGCTAATCTTGC,K--->A,0.70258534
hCoV-19_Mozambique_COV-2360-A2009_2021_2021-05-27_2021-11-01_3813,beta,2,AGCTGCAGAAATCAGA-K-CTTCTGCTAATCTTG,AGCTGCAGAAATCAGA-N-CTTCTGCTAATCTTG,AGCTGCAGAAATCAGA-A-CTTCTGCTAATCTTG,K--->A,0.33563814
hCoV-19_Mozambique_MZ-L-IBV-97025358_2021_2021-02-09_2021-08-05_3813,beta,1,TAAGTGTTATGGAGT-K-TCTCCTACTAAATTAA,TAAGTGTTATGGAGT-N-TCTCCTACTAAATTAA,TAAGTGTTATGGAGT-C-TCTCCTACTAAATTAA,K--->C,0.5965084
hCoV-19_Mozambique_MZ-L-IBV-97025362_2021_2021-01-06_2021-08-05_3813,beta,5,CACGTAGTGTAGCTAG-K-CAATCCATCATTGCC,CACGTAGTGTAGCTAG-N-CAATCCATCATTGCC,CACGTAGTGTAGCTAG-C-CAATCCATCATTGCC,K--->C,0.33561003
hCoV-19_Mozambique_MZ-L-IBV-97025362_2021_2021-01-06_2021-08-05_3813,beta,8,CACTTTCTTCCACAG-Y-AAGTGCACTTGGAAAA,CACTTTCTTCCACAG-N-AAGTGCACTTGGAAAA,CACTTTCTTCCACAG-A-AAGTGCACTTGGAAAA,Y--->A,0.5103281
hCoV-19_Mozambique_MZ-L-IBV-97025366_2021_2021-01-20_2021-06-07_3813,beta,2,ACTTCTGCACTGTTA-K-CGGGTACAATCACTTC,ACTTCTGCACTGTTA-N-CGGGTACAATCACTTC,ACTTCTGCACTGTTA-C-CGGGTACAATCACTTC,K--->C,0.568515
hCoV-19_Mozambique_MZ-L-IBV-97025366_2021_2021-01-20_2021-06-07_3813,beta,2,CACTTCTGCACTGTTA-K-CGGGTACAATCACTT,CACTTCTGCACTGTTA-N-CGGGTACAATCACTT,CACTTCTGCACTGTTA-C-CGGGTACAATCACTT,K--->C,0.5106511
hCoV-19_Mozambique_MZ-L-IBV-97025383_2021_2021-01-24_2021-08-05_3813,beta,2,ACTTCTGCACTGTTA-K-CGGGTACAATCACTTC,ACTTCTGCACTGTTA-N-CGGGTACAATCACTTC,ACTTCTGCACTGTTA-C-CGGGTACAATCACTTC,K--->C,0.568515
hCoV-19_Mozambique_MZ-L-IBV-97025383_2021_2021-01-24_2021-08-05_3813,beta,2,CACTTCTGCACTGTTA-K-CGGGTACAATCACTT,CACTTCTGCACTGTTA-N-CGGGTACAATCACTT,CACTTCTGCACTGTTA-C-CGGGTACAATCACTT,K--->C,0.5106511
hCoV-19_Namibia_COV-1083-A805_2021_2021-02_2021-07-14_3819,beta,1,TAGTGCGAATAATTG-Y-ACTTTTGAATATGTCT,TAGTGCGAATAATTG-N-ACTTTTGAATATGTCT,TAGTGCGAATAATTG-A-ACTTTTGAATATGTCT,Y--->A,0.51044935
hCoV-19_Namibia_COV-1083-A805_2021_2021-02_2021-07-14_3819,beta,1,CTAGTGCGAATAATTG-Y-ACTTTTGAATATGTC,CTAGTGCGAATAATTG-N-ACTTTTGAATATGTC,CTAGTGCGAATAATTG-A-ACTTTTGAATATGTC,Y--->A,0.67617345
hCoV-19_Namibia_COV-1091-A934_2021_2021-02_2021-07-14_3813,beta,1,TTATGCTTTGCTGTAT-K-ACCAGTTGCTGTAGT,TTATGCTTTGCTGTAT-N-ACCAGTTGCTGTAGT,TTATGCTTTGCTTTTT-A-CCCAGTTGCTGTAGT,K--->A,0.41917697
hCoV-19_Namibia_COV-1101-A944_2021_2021-02_2021-07-14_3819,beta,1,GGCGTGTTTATTCTA-Y-AGGTTCTAATGTTTTT,GGCGTGTTTATTCTA-N-AGGTTCTAATGTTTTT,GGCGTGTTTATTTTA-A-GGGTTCTAATGTTTTT,Y--->A,0.771818
hCoV-19_Namibia_COV-1101-A944_2021_2021-02_2021-07-14_3819,beta,1,TGGCGTGTTTATTCTA-Y-AGGTTCTAATGTTTT,TGGCGTGTTTATTCTA-N-AGGTTCTAATGTTTT,TGGCGTGTTTATTTTA-A-AGTTTCTAATGTTTT,Y--->A,0.7619311
hCoV-19_Namibia_COV-1118-A961_2021_2021-02_2021-07-14_3822,beta,1,GGTACTAAGAGGTTTG-M-TAACCCTGTCCTACC,GGTACTAAGAGGTTTG-N-TAACCCTGTCCTACC,GGTACTAAGAGGTTTG-T-TAACCCTGTCCTACC,M--->T,0.45796785
hCoV-19_Namibia_COV-1118-A961_2021_2021-02_2021-07-14_3822,beta,4,AGCCAGTGCTCAAAG-K-AGTCAAATTACATTAC,AGCCAGTGCTCAAAG-N-AGTCAAATTACATTAC,AGCCAGTGCTCAAAG-A-AGTCAAATTACATTAC,K--->A,0.6227193
hCoV-19_Namibia_COV-1118-A961_2021_2021-02_2021-07-14_3822,beta,4,GAGCCAGTGCTCAAAG-K-AGTCAAATTACATTA,GAGCCAGTGCTCAAAG-N-AGTCAAATTACATTA,GAGCCAGTGCTCAAAG-A-GTTCAAATTACATTA,K--->A,0.6569496
hCoV-19_Namibia_COV-1121-A964_2021_2021-02_2021-07-14_3819,beta,1,TTACTTGGTTCCATG-Y-TATACATGTCTCTGGG,TTACTTGGTTCCATG-N-TATACATGTCTCTGGG,TTACTTGGTTCCATG-G-TACACATGCCTCTGGG,Y--->G,0.43722188
hCoV-19_Namibia_COV-1121-A964_2021_2021-02_2021-07-14_3819,beta,3,TTTATGAACCACAAAT-Y-ATTACTACAGACAAC,TTTATGAACCACAAAT-N-ATTACTACAGACAAC,TTTATGAACCACAAAT-A-ATTTATTAAGACAAC,Y--->A,0.5955932
hCoV-19_Namibia_COV-1122-A965_2021_2021-02_2021-07-14_3819,beta,1,GGTACTAAGAGGTTTG-M-TAACCCTGTCCTACC,GGTACTAAGAGGTTTG-N-TAACCCTGTCCTACC,GGTACTAAGAGGTTTG-T-TAACCCTGTCCTACC,M--->T,0.45796785
hCoV-19_Namibia_COV-1123-A966_2021_2021-02_2021-07-14_3819,beta,1,GGTACTAAGAGGTTTG-M-TAACCCTGTCCTACC,GGTACTAAGAGGTTTG-N-TAACCCTGTCCTACC,GGTACTAAGAGGTTTG-T-TAACCCTGTCCTACC,M--->T,0.45796785
hCoV-19_Namibia_MDL012430_2021_2021-03_2021-07-14_3819,beta,1,TTCTTCAGGTTGGACA-K-CTGGTGCTGCAGCTT,TTCTTCAGGTTGGACA-N-CTGGTGCTGCAGCTT,TTCTTCAGGTTGGACA-C-CTGGTGCTGCAGCTT,K--->C,0.4881525
hCoV-19_Namibia_MDL019949_2021_2021-06_2021-12-14_3814,beta,1,CTCAGACTAATTCTC-S-TCGGCGGGCACGTAGT,CTCAGACTAATTCTC-N-TCGGCGGGCACGTAGT,CTCAGACTAATTCTC-A-TCGGCGGGCACGTAGT,S--->A,0.92602885
hCoV-19_Namibia_MDL019949_2021_2021-06_2021-12-14_3814,beta,1,ACTCAGACTAATTCTC-S-TCGGCGGGCACGTAG,ACTCAGACTAATTCTC-N-TCGGCGGGCACGTAG,ACTCAGACTAATTCTC-A-TCGGCGGGCACGTAG,S--->A,0.8688053
hCoV-19_Pakistan_NIH-S6_2021_2021-04-24_2021-05-09_3813,beta,4,CTATTGCCATACCCA-Y-AAATTTTACTATTAGT,CTATTGCCATACCCA-N-AAATTTTACTATTAGT,CTATTGCCATACCCA-A-AAATTTTACTATTAGT,Y--->A,0.71483576
hCoV-19_Pakistan_NIH-S6_2021_2021-04-24_2021-05-09_3813,beta,4,TCTATTGCCATACCCA-Y-AAATTTTACTATTAG,TCTATTGCCATACCCA-N-AAATTTTACTATTAG,TCTATTGCCATACCCA-A-AAATTTTACTATTAG,Y--->A,0.440651
hCoV-19_Pakistan_UHS2-Pak-416_2021_2021-07-22_2021-08-18_3813,beta,2,TTGGCAGAGACATTG-M-TGACACTACTGATGCT,TTGGCAGAGACATTG-N-TGACACTACTGATGCT,TTGGCAGAGACATTG-T-TGACACTACTGATGCT,M--->T,0.79563594
hCoV-19_Pakistan_UHS2-Pak-416_2021_2021-07-22_2021-08-18_3813,beta,2,TTTGGCAGAGACATTG-M-TGACACTACTGATGC,TTTGGCAGAGACATTG-N-TGACACTACTGATGC,TTTGGCAGAGACATAG-T-TGACACTACTGATGC,M--->T,0.7555037
hCoV-19_Pakistan_UHS2-Pak-416_2021_2021-07-22_2021-08-18_3813,beta,5,CTATTGCCATACCCA-Y-AAATTTTACTATTAGT,CTATTGCCATACCCA-N-AAATTTTACTATTAGT,CTATTGCCATACCCA-A-AAATTTTACTATTAGT,Y--->A,0.71483576
hCoV-19_Pakistan_UHS2-Pak-416_2021_2021-07-22_2021-08-18_3813,beta,5,TCTATTGCCATACCCA-Y-AAATTTTACTATTAG,TCTATTGCCATACCCA-N-AAATTTTACTATTAG,TCTATTGCCATACCCA-A-AAATTTTACTATTAG,Y--->A,0.440651
hCoV-19_Philippines_PH-PGC-47337_2021_2021-04-28_2021-07-08_3813,beta,1,GGTACTAAGAGGTTTG-M-TAACCCTGTCCTACC,GGTACTAAGAGGTTTG-N-TAACCCTGTCCTACC,GGTACTAAGAGGTTTG-T-TAACCCTGTCCTACC,M--->T,0.45796785
hCoV-19_Philippines_PH-PGC-47338_2021_2021-04-28_2021-07-08_3813,beta,2,CTATTGCCATACCCA-Y-AAATTTTACTATTAGT,CTATTGCCATACCCA-N-AAATTTTACTATTAGT,CTATTGCCATACCCA-A-AAATTTTACTATTAGT,Y--->A,0.71483576
hCoV-19_Philippines_PH-PGC-47338_2021_2021-04-28_2021-07-08_3813,beta,2,TCTATTGCCATACCCA-Y-AAATTTTACTATTAG,TCTATTGCCATACCCA-N-AAATTTTACTATTAG,TCTATTGCCATACCCA-A-AAATTTTACTATTAG,Y--->A,0.440651
hCoV-19_Philippines_PH-PGC-47341_2021_2021-04-29_2021-07-08_3813,beta,1,CTATTGCCATACCCA-Y-AAATTTTACTATTAGT,CTATTGCCATACCCA-N-AAATTTTACTATTAGT,CTATTGCCATACCCA-A-AAATTTTACTATTAGT,Y--->A,0.71483576
hCoV-19_Philippines_PH-PGC-47341_2021_2021-04-29_2021-07-08_3813,beta,1,TCTATTGCCATACCCA-Y-AAATTTTACTATTAG,TCTATTGCCATACCCA-N-AAATTTTACTATTAG,TCTATTGCCATACCCA-A-AAATTTTACTATTAG,Y--->A,0.440651
hCoV-19_Philippines_PH-PGC-57301_2021_2021-06-24_2021-10-03_3813,beta,1,CAAATCATTACTACA-S-ACAACACATTTGTGTC,CAAATCATTACTACA-N-ACAACACATTTGTGTC,CAAATCATTACTACA-A-AACACACATTTGTGTC,S--->A,0.72183675
hCoV-19_Philippines_PH-PGC-57301_2021_2021-06-24_2021-10-03_3813,beta,1,ACAAATCATTACTACA-S-ACAACACATTTGTGT,ACAAATCATTACTACA-N-ACAACACATTTGTGT,ACAAATCATTACTACA-A-AAACCACATTTGTGT,S--->A,0.6167871
hCoV-19_Singapore_1071_2021_2021-05-19_2021-06-14_3813,beta,1,TGAGTGTGACATACC-Y-ATTGGTGCAGGTATAT,TGAGTGTGACATACC-N-ATTGGTGCAGGTATAT,TGAGTGTGACATACC-A-ATTGGTGCAGGTATAT,Y--->A,0.62400013
hCoV-19_Singapore_379_2021_2021-03-29_2021-04-05_3801,beta,1,TCCATATTACCACAA-W-AACAACAAAAGTTGGA,TCCATATTACCACAA-N-AACAACAAAAGTTGGA,TCCATATTACCACAA-C-AACAACAAAAGTTGGA,W--->C,0.49652794
hCoV-19_Singapore_380_2021_2021-03-31_2021-04-05_3813,beta,1,TGAATTAGACTCATT-Y-AAGGAGGAGTTAGATA,TGAATTAGACTCATT-N-AAGGAGGAGTTAGATA,TGAATTAGACTCATT-G-AAGGAGGAGGTAGATA,Y--->G,0.48726267
hCoV-19_Singapore_451_2021_2021-04-06_2021-04-12_3813,beta,1,TTACTTGGTTCCATG-Y-TATACATGTCTCTGGG,TTACTTGGTTCCATG-N-TATACATGTCTCTGGG,TTACTTGGTTCCATG-G-TACACATGCCTCTGGG,Y--->G,0.43722188
hCoV-19_Singapore_599_2021_2021-04-16_2021-04-23_3822,beta,1,AGTGTGTTAATTTTA-Y-AACCAGAACTCAATTA,AGTGTGTTAATTTTA-N-AACCAGAACTCAATTA,AGTGTGTTAATTTTA-A-AACCAGAACTCAATTA,Y--->A,0.4889582
hCoV-19_Singapore_601_2021_2021-04-17_2021-04-23_3813,beta,4,CTCAGACTAATTCTC-S-TCGGCGGGCACGTAGT,CTCAGACTAATTCTC-N-TCGGCGGGCACGTAGT,CTCAGACTAATTCTC-A-TCGGCGGGCACGTAGT,S--->A,0.92602885
hCoV-19_Singapore_601_2021_2021-04-17_2021-04-23_3813,beta,4,ACTCAGACTAATTCTC-S-TCGGCGGGCACGTAG,ACTCAGACTAATTCTC-N-TCGGCGGGCACGTAG,ACTCAGACTAATTCTC-A-TCGGCGGGCACGTAG,S--->A,0.8688053
hCoV-19_Singapore_689_2021_2021-04-23_2021-04-30_3813,beta,1,TGAATTAGACTCATT-Y-AAGGAGGAGTTAGATA,TGAATTAGACTCATT-N-AAGGAGGAGTTAGATA,TGAATTAGACTCATT-G-AAGGAGGAGGTAGATA,Y--->G,0.48726267
hCoV-19_Singapore_855_2021_2021-05-03_2021-05-31_3822,beta,1,AATGATCCATTTTTGG-R-TGTTTATTACCACAA,AATGATCCATTTTTGG-N-TGTTTATTACCACAA,AATGATCCATTTTTGG-T-TGTTTATTACCACAA,R--->T,0.5464708
hCoV-19_Singapore_855_2021_2021-05-03_2021-05-31_3822,beta,5,CTCAGACTAATTCTC-S-TCGGCGGGCACGTAGT,CTCAGACTAATTCTC-N-TCGGCGGGCACGTAGT,CTCAGACTAATTCTC-A-TCGGCGGGCACGTAGT,S--->A,0.92602885
hCoV-19_Singapore_855_2021_2021-05-03_2021-05-31_3822,beta,5,ACTCAGACTAATTCTC-S-TCGGCGGGCACGTAG,ACTCAGACTAATTCTC-N-TCGGCGGGCACGTAG,ACTCAGACTAATTCTC-A-TCGGCGGGCACGTAG,S--->A,0.8688053
hCoV-19_Spain_RI-CIBIR-218013074-Run16_2021_2021-07-02_2022-10-26_3813,beta,1,GGTACTAAGAGGTTTG-M-TAACCCTGTCCTACC,GGTACTAAGAGGTTTG-N-TAACCCTGTCCTACC,GGTACTAAGAGGTTTG-T-TAACCCTGTCCTACC,M--->T,0.45796785
hCoV-19_Spain_RI-CIBIR-218013074-Run16_2021_2021-07-02_2022-10-26_3813,beta,3,TTGGCAGAGACATTG-M-TGACACTACTGATGCT,TTGGCAGAGACATTG-N-TGACACTACTGATGCT,TTGGCAGAGACATTG-T-TGACACTACTGATGCT,M--->T,0.79563594
hCoV-19_Spain_RI-CIBIR-218013074-Run16_2021_2021-07-02_2022-10-26_3813,beta,3,TTTGGCAGAGACATTG-M-TGACACTACTGATGC,TTTGGCAGAGACATTG-N-TGACACTACTGATGC,TTTGGCAGAGACATAG-T-TGACACTACTGATGC,M--->T,0.7555037
hCoV-19_Spain_RI-CIBIR-218013074-Run16_2021_2021-07-02_2022-10-26_3813,beta,6,CTATTGCCATACCCA-Y-AAATTTTACTATTAGT,CTATTGCCATACCCA-N-AAATTTTACTATTAGT,CTATTGCCATACCCA-A-AAATTTTACTATTAGT,Y--->A,0.71483576
hCoV-19_Spain_RI-CIBIR-218013074-Run16_2021_2021-07-02_2022-10-26_3813,beta,6,TCTATTGCCATACCCA-Y-AAATTTTACTATTAG,TCTATTGCCATACCCA-N-AAATTTTACTATTAG,TCTATTGCCATACCCA-A-AAATTTTACTATTAG,Y--->A,0.440651
hCoV-19_Spain_RI-CIBIR-218013074-Run16_2021_2021-07-02_2022-10-26_3813,beta,7,CAAATCATTACTACA-S-ACAACACATTTGTGTC,CAAATCATTACTACA-N-ACAACACATTTGTGTC,CAAATCATTACTACA-A-AACACACATTTGTGTC,S--->A,0.72183675
hCoV-19_Spain_RI-CIBIR-218013074-Run16_2021_2021-07-02_2022-10-26_3813,beta,7,ACAAATCATTACTACA-S-ACAACACATTTGTGT,ACAAATCATTACTACA-N-ACAACACATTTGTGT,ACAAATCATTACTACA-A-AAACCACATTTGTGT,S--->A,0.6167871
hCoV-19_Spain_RI-IBV-99031738_2021_2021-07-02_2021-07-20_3813,beta,1,GGTACTAAGAGGTTTG-M-TAACCCTGTCCTACC,GGTACTAAGAGGTTTG-N-TAACCCTGTCCTACC,GGTACTAAGAGGTTTG-T-TAACCCTGTCCTACC,M--->T,0.45796785
hCoV-19_Spain_RI-IBV-99031738_2021_2021-07-02_2021-07-20_3813,beta,3,TTGGCAGAGACATTG-M-TGACACTACTGATGCT,TTGGCAGAGACATTG-N-TGACACTACTGATGCT,TTGGCAGAGACATTG-T-TGACACTACTGATGCT,M--->T,0.79563594
hCoV-19_Spain_RI-IBV-99031738_2021_2021-07-02_2021-07-20_3813,beta,3,TTTGGCAGAGACATTG-M-TGACACTACTGATGC,TTTGGCAGAGACATTG-N-TGACACTACTGATGC,TTTGGCAGAGACATAG-T-TGACACTACTGATGC,M--->T,0.7555037
hCoV-19_Spain_RI-IBV-99031738_2021_2021-07-02_2021-07-20_3813,beta,6,CTATTGCCATACCCA-Y-AAATTTTACTATTAGT,CTATTGCCATACCCA-N-AAATTTTACTATTAGT,CTATTGCCATACCCA-A-AAATTTTACTATTAGT,Y--->A,0.71483576
hCoV-19_Spain_RI-IBV-99031738_2021_2021-07-02_2021-07-20_3813,beta,6,TCTATTGCCATACCCA-Y-AAATTTTACTATTAG,TCTATTGCCATACCCA-N-AAATTTTACTATTAG,TCTATTGCCATACCCA-A-AAATTTTACTATTAG,Y--->A,0.440651
hCoV-19_Spain_RI-IBV-99031738_2021_2021-07-02_2021-07-20_3813,beta,7,CAAATCATTACTACA-S-ACAACACATTTGTGTC,CAAATCATTACTACA-N-ACAACACATTTGTGTC,CAAATCATTACTACA-A-AACACACATTTGTGTC,S--->A,0.72183675
hCoV-19_Spain_RI-IBV-99031738_2021_2021-07-02_2021-07-20_3813,beta,7,ACAAATCATTACTACA-S-ACAACACATTTGTGT,ACAAATCATTACTACA-N-ACAACACATTTGTGT,ACAAATCATTACTACA-A-AAACCACATTTGTGT,S--->A,0.6167871
hCoV-19_Spain_RI-IBV-99031747_2021_2021-06-30_2021-07-20_3813,beta,5,GATTTTGGTGGTTTTA-R-TTTTTCACAAATATT,GATTTTGGTGGTTTTA-N-TTTTTCACAAATATT,GATTTTGGTGGTTTTA-T-TTTTTCACAAATATT,R--->T,0.5346499
hCoV-19_Spain_RI-IBV-99031747_2021_2021-06-30_2021-07-20_3813,beta,8,CAAATCATTACTACA-S-ACAACACATTTGTGTC,CAAATCATTACTACA-N-ACAACACATTTGTGTC,CAAATCATTACTACA-A-AACACACATTTGTGTC,S--->A,0.72183675
hCoV-19_Spain_RI-IBV-99031747_2021_2021-06-30_2021-07-20_3813,beta,8,ACAAATCATTACTACA-S-ACAACACATTTGTGT,ACAAATCATTACTACA-N-ACAACACATTTGTGT,ACAAATCATTACTACA-A-AAACCACATTTGTGT,S--->A,0.6167871
hCoV-19_Sudan_ILRI_M03156_2021_2021-04-18_2023-07-07_3813,beta,1,GGTACTAAGAGGTTTG-M-TAACCCTGTCCTACC,GGTACTAAGAGGTTTG-N-TAACCCTGTCCTACC,GGTACTAAGAGGTTTG-T-TAACCCTGTCCTACC,M--->T,0.45796785
hCoV-19_Sweden_01_SE100_21CS500675_2021_2021-03-10_2021-11-23_3813,beta,1,ACTTATTGTTAATAA-Y-GCTACTAATGTTGTTA,ACTTATTGTTAATAA-N-GCTACTAATGTTGTTA,ACTTATTGTTAATAA-G-GCTACTAATGTTGTTA,Y--->G,0.57464993
hCoV-19_Sweden_01_SE100_21CS500675_2021_2021-03-10_2021-11-23_3813,beta,1,TACTTATTGTTAATAA-Y-GCTACTAATGTTGTT,TACTTATTGTTAATAA-N-GCTACTAATGTTGTT,TACTTATTGTTAATAA-G-GCTACTAATGTTGTT,Y--->G,0.4362129
hCoV-19_Sweden_01_SE100_21CS503321_2021_2021-05-20_2021-07-12_3813,beta,1,TCCTGCCATTTGTCAT-K-ATGGAAAAGCACACT,TCCTGCCATTTGTCAT-N-ATGGAAAAGCACACT,TCCTGCCATTTGTCTT-A-AAGAAAAAGCACACT,K--->A,0.58770955
hCoV-19_Sweden_01_SE100_21CS503766_2021_2021-06-03_2021-07-12_3813,beta,1,TTCTTCAGGTTGGACA-K-CTGGTGCTGCAGCTT,TTCTTCAGGTTGGACA-N-CTGGTGCTGCAGCTT,TTCTTCAGGTTGGACA-C-CTGGTGCTGCAGCTT,K--->C,0.4881525
hCoV-19_Sweden_UUH-000198792898_2021_2021-04-08_2021-10-27_3815,beta,1,TTCTGCACTGTTAGC-R-GGTACAATCACTTCTG,TTCTGCACTGTTAGC-N-GGTACAATCACTTCTG,TTCTGCACTGTTAGC-T-GGTACAATCACTTCTG,R--->T,0.6838845
hCoV-19_Sweden_UUH-000199906828_2021_2021-05-06_2021-10-23_3810,beta,1,GGTACTAAGAGGTTTG-M-TAACCCTGTCCTACC,GGTACTAAGAGGTTTG-N-TAACCCTGTCCTACC,GGTACTAAGAGGTTTG-T-TAACCCTGTCCTACC,M--->T,0.45796785
hCoV-19_Sweden_UUH-000199960205_2021_2021-05-06_2021-10-23_3812,beta,1,TGTTGAAGGTTTTAAT-S-TTACTTTCCTTTACA,TGTTGAAGGTTTTAAT-N-TTACTTTCCTTTACA,TGTTGAAGGTTTTAAT-T-TTACTTTCCTTTACA,S--->T,0.5714065
hCoV-19_Thailand_Chonburi_SEQ3990_2021_2021-06_2021-09-17_3813,beta,1,TGATTGCCAACCAAT-K-TAATAGTGCTATTGGC,TGATTGCCAACCAAT-N-TAATAGTGCTATTGGC,TGATTGCCAACCAAT-A-TAATAGTGCTATTGGC,K--->A,0.62494665
hCoV-19_Thailand_Narathiwat_SEQ5384_2021_2021-06-30_2021-08-15_3822,beta,2,AACAAAAAGTTTCTG-Y-CTTTCCAACAATTTGG,AACAAAAAGTTTCTG-N-CTTTCCAACAATTTGG,AACAAAAAGTTTCTG-G-TTCTCCAACAATTTGG,Y--->G,0.91265833
hCoV-19_Thailand_Narathiwat_SEQ5384_2021_2021-06-30_2021-08-15_3822,beta,2,TAACAAAAAGTTTCTG-Y-CTTTCCAACAATTTG,TAACAAAAAGTTTCTG-N-CTTTCCAACAATTTG,TAACAAAAAGTTTCTG-G-CTTTCCAACAATTTG,Y--->G,0.26953515
hCoV-19_Thailand_Pattani_SEQ14677_2021_2021-08_2021-09-09_3813,beta,1,AATGATCCATTTTTGG-R-TGTTTATTACCACAA,AATGATCCATTTTTGG-N-TGTTTATTACCACAA,AATGATCCATTTTTGG-T-TGTTTATTACCACAA,R--->T,0.5464708
hCoV-19_USA_AZ-ASU5938_2021_2021-05-07_2021-05-25_3813,beta,1,GGTACTAAGAGGTTTG-M-TAACCCTGTCCTACC,GGTACTAAGAGGTTTG-N-TAACCCTGTCCTACC,GGTACTAAGAGGTTTG-T-TAACCCTGTCCTACC,M--->T,0.45796785
hCoV-19_USA_AZ-ASU5938_2021_2021-05-07_2021-05-25_3813,beta,3,TTGGCAGAGACATTG-M-TGACACTACTGATGCT,TTGGCAGAGACATTG-N-TGACACTACTGATGCT,TTGGCAGAGACATTG-T-TGACACTACTGATGCT,M--->T,0.79563594
hCoV-19_USA_AZ-ASU5938_2021_2021-05-07_2021-05-25_3813,beta,3,TTTGGCAGAGACATTG-M-TGACACTACTGATGC,TTTGGCAGAGACATTG-N-TGACACTACTGATGC,TTTGGCAGAGACATAG-T-TGACACTACTGATGC,M--->T,0.7555037
hCoV-19_USA_AZ-ASU5938_2021_2021-05-07_2021-05-25_3813,beta,6,CTATTGCCATACCCA-Y-AAATTTTACTATTAGT,CTATTGCCATACCCA-N-AAATTTTACTATTAGT,CTATTGCCATACCCA-A-AAATTTTACTATTAGT,Y--->A,0.71483576
hCoV-19_USA_AZ-ASU5938_2021_2021-05-07_2021-05-25_3813,beta,6,TCTATTGCCATACCCA-Y-AAATTTTACTATTAG,TCTATTGCCATACCCA-N-AAATTTTACTATTAG,TCTATTGCCATACCCA-A-AAATTTTACTATTAG,Y--->A,0.440651
hCoV-19_USA_AZ-ASU5938_2021_2021-05-07_2021-05-25_3813,beta,8,GTTAAACAACTTAGC-W-CCAATTTTGGTGCAAT,GTTAAACAACTTAGC-N-CCAATTTTGGTGCAAT,GTTAAACAACTTAGC-C-CCAATTTTGGTGCAAT,W--->C,0.48094335
hCoV-19_USA_AZ-ASU5938_2021_2021-05-07_2021-05-25_3813,beta,8,TGTTAAACAACTTAGC-W-CCAATTTTGGTGCAA,TGTTAAACAACTTAGC-N-CCAATTTTGGTGCAA,TGTTAAACAACTTAGC-C-CCAATTTTGGTGCAA,W--->C,0.74823
hCoV-19_USA_AZ-ASU5938_2021_2021-05-07_2021-05-25_3813,beta,9,TCCTGCCATTTGTCAT-S-ATGGAAAAGCACACT,TCCTGCCATTTGTCAT-N-ATGGAAAAGCACACT,TCCTGCCATTTGTCTT-A-AAGAAAAAGCACACT,S--->A,0.58770955
hCoV-19_USA_CO-CDPHE-40847258_2021_2021-02-24_2021-04-11_3813,beta,1,TGTGTTTAAGAATATT-K-ATGGTTATTTTAAAA,TGTGTTTAAGAATATT-N-ATGGTTATTTTAAAA,TGTGTTTAAGAATATT-A-ATGGTTATTTTAAAA,K--->A,0.5616141
hCoV-19_USA_FL-Abbott-206652_2021_2021-04-25_2021-09-09_3813,beta,2,TGGCATTAATGCTTCA-K-TTGTAAACATTCAAA,TGGCATTAATGCTTCA-N-TTGTAAACATTCAAA,TGGCATTAATGCTTCA-C-TTGTAAACATTCAAA,K--->C,0.43395326
hCoV-19_USA_MA-UMASSMED-P007C06_2021_2021_2021-08-15_3813,beta,1,GGTACTAAGAGGTTTG-M-TAACCCTGTCCTACC,GGTACTAAGAGGTTTG-N-TAACCCTGTCCTACC,GGTACTAAGAGGTTTG-T-TAACCCTGTCCTACC,M--->T,0.45796785
hCoV-19_USA_NY-NYCPHL-003752_2021_2021-03-03_2021-03-16_3813,beta,1,GGTACTAAGAGGTTTG-M-TAACCCTGTCCTACC,GGTACTAAGAGGTTTG-N-TAACCCTGTCCTACC,GGTACTAAGAGGTTTG-T-TAACCCTGTCCTACC,M--->T,0.45796785
hCoV-19_Wales_CAMC-14D20A6_2021_2021-04-03_2021-04-16_3813,beta,2,TTACTTGGTTCCATG-Y-TATACATGTCTCTGGG,TTACTTGGTTCCATG-N-TATACATGTCTCTGGG,TTACTTGGTTCCATG-G-TACACATGCCTCTGGG,Y--->G,0.43722188
hCoV-19_Wales_PHWC-4A8A17_2020_2020-12-26_2021-01-14_3813,beta,2,AACAAATACTTCTAA-Y-CAGGTTGCTGTTCTTT,AACAAATACTTCTAA-N-CAGGTTGCTGTTCTTT,AACAAATACTTCTAA-A-CAGGTTGTTGTTCTTT,Y--->A,0.59120053
hCoV-19_Wales_PHWC-4B3527_2021_2021-01-01_2021-01-18_3813,beta,1,AACAAATACTTCTAA-Y-CAGGTTGCTGTTCTTT,AACAAATACTTCTAA-N-CAGGTTGCTGTTCTTT,AACAAATACTTCTAA-A-CAGGTTGTTGTTCTTT,Y--->A,0.59120053
hCoV-19_Zimbabwe_ZW-41580_2020_2020-12-25_2021-03-09_3813,beta,1,TCCCTCAGGGTTTTT-Y-GGCTTTAGAACCATTG,TCCCTCAGGGTTTTT-N-GGCTTTAGAACCATTG,TCCCTCAGGGTTTTT-G-GGCTTTAGAACCATTG,Y--->G,0.41768804
hCoV-19_Zimbabwe_ZW-42241_2020_2020-12-29_2021-03-09_3813,beta,1,GTGACATCTCTGGCAT-Y-AATGCTTCAGTTGTA,GTGACATCTCTGGCAT-N-AATGCTTCAGTTGTA,GTGACATCTCTGGCAT-A-AATGCTTCAGTTGTA,Y--->A,0.66727
hCoV-19_Zimbabwe_ZW-42382_2020_2020-12-30_2021-03-09_3813,beta,1,TCCTGCCATTTGTCAT-K-ATGGAAAAGCACACT,TCCTGCCATTTGTCAT-N-ATGGAAAAGCACACT,TCCTGCCATTTGTCTT-A-AAGAAAAAGCACACT,K--->A,0.58770955
hCoV-19_Zimbabwe_ZW-45954_2021_2021-01-07_2021-03-09_3813,beta,1,AGCCAGTGCTCAAAG-K-AGTCAAATTACATTAC,AGCCAGTGCTCAAAG-N-AGTCAAATTACATTAC,AGCCAGTGCTCAAAG-A-AGTCAAATTACATTAC,K--->A,0.6227193
hCoV-19_Zimbabwe_ZW-45954_2021_2021-01-07_2021-03-09_3813,beta,1,GAGCCAGTGCTCAAAG-K-AGTCAAATTACATTA,GAGCCAGTGCTCAAAG-N-AGTCAAATTACATTA,GAGCCAGTGCTCAAAG-A-GTTCAAATTACATTA,K--->A,0.6569496
hCoV-19_Zimbabwe_ZW-46032_2021_2021-01-08_2021-03-09_3813,beta,3,TGAATTAGACTCATT-Y-AAGGAGGAGTTAGATA,TGAATTAGACTCATT-N-AAGGAGGAGTTAGATA,TGAATTAGACTCATT-G-AAGGAGGAGGTAGATA,Y--->G,0.48726267
hCoV-19_Zimbabwe_ZW-50128_2021_2021-01-13_2021-03-09_3813,beta,1,GCTGTCCGTGATCCA-Y-AGACACTTGAGATTCT,GCTGTCCGTGATCCA-N-AGACACTTGAGATTCT,GCTGTCTGTGACCCA-G-AAACCCTTGAGATTCT,Y--->G,0.40104413
hCoV-19_Zimbabwe_ZW-50128_2021_2021-01-13_2021-03-09_3813,beta,1,TGCTGTCCGTGATCCA-Y-AGACACTTGAGATTC,TGCTGTCCGTGATCCA-N-AGACACTTGAGATTC,TGCTGTCCTTGAGACA-A-AAAACCTTGAGATTC,Y--->A,0.45110205
hCoV-19_Zimbabwe_ZW-50128_2021_2021-01-13_2021-03-09_3813,beta,2,CTTCTGGTTGGACCTT-Y-GGTGCAGGTGCTGCA,CTTCTGGTTGGACCTT-N-GGTGCAGGTGCTGCA,CTTCTGGTTGGACCTT-G-GTTGCAGGTGCTGCA,Y--->G,0.84585273
hCoV-19_Zimbabwe_ZW-50150_2021_2021-01-13_2021-03-09_3813,beta,2,TCAGTGTTATAACAC-Y-AGGAACAAATACTTCT,TCAGTGTTATAACAC-N-AGGAACAAATACTTCT,TCAGTGTTATAACAC-A-AGGAACAAATACTTCT,Y--->A,0.29792333
hCoV-19_Zimbabwe_ZW-50150_2021_2021-01-13_2021-03-09_3813,beta,3,CTATTGCCATACCCA-Y-AAATTTTACTATTAGT,CTATTGCCATACCCA-N-AAATTTTACTATTAGT,CTATTGCCATACCCA-A-AAATTTTACTATTAGT,Y--->A,0.71483576
hCoV-19_Zimbabwe_ZW-50150_2021_2021-01-13_2021-03-09_3813,beta,3,TCTATTGCCATACCCA-Y-AAATTTTACTATTAG,TCTATTGCCATACCCA-N-AAATTTTACTATTAG,TCTATTGCCATACCCA-A-AAATTTTACTATTAG,Y--->A,0.440651
hCoV-19_Zimbabwe_ZW-50150_2021_2021-01-13_2021-03-09_3813,beta,4,GCCTCAATGAGGTTGC-Y-AAGAATTTAAATGAA,GCCTCAATGAGGTTGC-N-AAGAATTTAAATGAA,GCCTCAATGAGGTTGC-A-AAGAATTTAAATGAA,Y--->A,0.70410436
hCoV-19_Zimbabwe_ZW-50527_2021_2021-01-18_2021-03-09_3813,beta,1,AGGTTTGCTAACCCT-K-TCCTACCATTTAATCA,AGGTTTGCTAACCCT-N-TCCTACCATTTAATCA,AGGTTGGTTAACCCT-C-TCTTCCAATTTAATCA,K--->C,0.38936824
hCoV-19_Zimbabwe_ZW-50527_2021_2021-01-18_2021-03-09_3813,beta,2,CCATTTGTCATGATG-K-AAAAGCACACTTTCCT,CCATTTGTCATGATG-N-AAAAGCACACTTTCCT,CCATTTGTCATGATG-A-AAAGGCCCACTTTCCT,K--->A,0.80722576
hCoV-19_Zimbabwe_ZW-50527_2021_2021-01-18_2021-03-09_3813,beta,2,GCCATTTGTCATGATG-K-AAAAGCACACTTTCC,GCCATTTGTCATGATG-N-AAAAGCACACTTTCC,GCCATTTGTCATGATG-A-AAAGCCACACTTTCC,K--->A,0.76185554
hCoV-19_Zimbabwe_ZW-Jmt006_2021_2021-01-22_2021-03-09_3813,beta,1,GGAACAAATACTTCT-R-ACCAGGTTGCTGTTCT,GGAACAAATACTTCT-N-ACCAGGTTGCTGTTCT,GGAACAAATACTTCT-T-ACCAGGTTGCTGTTCT,R--->T,0.3690325
